Datum,Uhrzeit,Geschlecht,Alter,OS,Smartphone Nutzung,Smartphone Nutzungserfahrung,Zeit gesamt,Richtig,Falsch,Ishihara 42,Ishihara 3,Ishihara Linien,Ishihara Dauer,Z1,R1,Z2,R2,Z3,R3,Z4,R4,Z5,R5,Z6,R6,Z7,R7,Z8,R8,Z9,R9,Z10,R10,Z11,R11,Z12,R12,Z13,R13,Z14,R14,Z15,R15,Z16,R16,Z17,R17,Z18,R18,Z19,R19,Z20,R20,Z21,R21,Z22,R22,Z23,R23,Z24,R24,Z25,R25,Z26,R26,Z27,R27,Z28,R28,Z29,R29,Z30,R30,Z31,R31,Z32,R32,Z33,R33,Z34,R34,Z35,R35,Z36,R36,Z37,R37,Z38,R38,Z39,R39,Z40,R40,Z41,R41,Z42,R42,Z43,R43,Z44,R44,Z45,R45,Z46,R46,Z47,R47,Z48,R48,Z49,R49,Z50,R50,Z51,R51,Z52,R52,Z53,R53,Z54,R54,Z55,R55,Z56,R56,Z57,R57,Z58,R58,Z59,R59,Z60,R60,Z61,R61,Z62,R62,Z63,R63,Z64,R64,Z65,R65,Z66,R66,Z67,R67,Z68,R68,Z69,R69,Z70,R70,Z71,R71,Z72,R72,Z73,R73,Z74,R74,Z75,R75,Z76,R76,Z77,R77,Z78,R78,Z79,R79,Z80,R80,Z81,R81,Z82,R82,Z83,R83,Z84,R84,Z85,R85,Z86,R86,Z87,R87,Z88,R88,Z89,R89,Z90,R90,Z91,R91,Z92,R92,Z93,R93,Z94,R94,Z95,R95,Z96,R96,Z97,R97,Z98,R98,Z99,R99,Z100,R100
06.07.2021,15:36,f,51-60,iOS,mehrmals täglich,sicher,0:04:20.958000,98,2,42,3,keine,0:00:41.965000,3381,2,2725,2,2651,2,3982,3,2915,1,3007,1,4226,8,4700,8,2005,1,2778,2,2972,3,2575,3,2917,8,2502,2,2903,8,2683,3,2310,8,3197,8,2891,8,2710,8,2252,1,2673,3,2250,8,2758,1,2057,3,3033,3,2475,1,2000,1,2124,8,2577,2,4373,3,1948,1,1942,8,2582,1,1958,1,2483,1,1982,2,2694,8,2326,1,1975,8,2239,8,2417,1,2572,8,2520,2,1709,3,2030,3,3080,8,2312,2,2616,8,2708,3,3894,3,1947,8,5490,2,2449,8,1593,1,2524,2,3733,8,2034,8,2008,3,1832,8,2623,2,2462,3,3730,2,1789,1,2033,1,1900,3,2876,8,2816,8,2401,2,2182,1,1966,1,2258,3,1893,3,2808,8,3158,1,3157,3,2183,2,1977,1,3622,2,2300,3,2249,1,2695,8,2366,8,1890,2,2051,2,2484,1,2576,3,2447,1,3669,2,4221,2,2367,2,1899,3,1817,3,1908,1,2073,3,3627,2,3281,1,2509,1,2482,8,1993,3
06.07.2021,21:33,m,11-20,Android,mehrmals täglich,sehr sicher,0:03:57.826000,98,2,42,3,keine,0:00:18.364000,1913,8,1590,4,6114,3,3341,1,1722,8,1790,1,2342,3,1883,2,2759,8,1720,2,2780,1,2594,1,2400,1,3088,1,2624,8,3944,2,2008,3,3893,3,5957,8,3385,5,4671,2,3621,8,2902,8,2323,3,2853,8,1707,1,2587,3,1947,8,2307,2,1780,8,1305,8,1415,8,1967,1,1942,3,1867,1,1954,3,1821,8,1993,8,1523,8,2272,2,3013,1,4621,1,3656,1,1290,8,1408,8,1660,8,1467,1,2181,1,1657,8,1825,2,1562,2,1967,2,2287,2,2281,3,1571,8,1732,3,1565,1,2066,3,2453,1,3134,1,1273,8,2763,8,3548,2,2107,8,2132,8,1990,2,2948,8,1340,8,1869,1,1695,8,3073,2,2463,2,2831,1,2471,8,1890,2,2332,3,3112,1,2754,2,1506,2,2178,1,1823,1,1136,1,1348,1,1738,1,2741,2,1639,1,1943,1,2026,3,1541,3,1632,1,3591,1,3086,2,1338,1,2982,3,2063,3,1560,1,3361,2,2651,1,4398,3,2497,2
07.07.2021,08:52,m,41-50,iOS,mehrmals täglich,sehr sicher,0:02:49.484000,97,3,42,3,keine,0:00:23.219000,1494,1,1332,2,2033,1,1717,2,1719,3,1248,1,1634,8,1248,8,1434,8,1550,1,1632,2,1700,5,3951,8,1850,1,1515,1,1885,3,1466,2,1834,3,1283,3,1467,2,1781,1,1651,1,1299,1,1919,2,1816,1,1482,3,1652,1,1198,3,1468,1,1217,4,2699,8,1699,1,1517,8,3084,2,2448,8,1384,8,1917,2,1500,8,1667,2,1450,3,2316,2,1334,1,1349,3,1269,8,1199,2,1767,1,1566,3,1717,3,1367,3,1766,3,1583,1,1983,2,1501,8,1334,3,2299,1,1517,3,1384,1,1382,1,1617,2,1449,2,1768,8,2133,8,1433,2,2167,2,2199,2,1383,3,1235,1,1515,3,1250,1,1118,2,1850,1,2534,2,1150,1,4049,8,4817,3,1116,1,1583,3,1801,1,1233,2,1766,3,1517,3,1033,2,1800,3,1900,3,1633,1,1201,2,1199,8,1283,8,1201,8,1750,2,2367,8,2165,2,1069,8,1432,8,1384,3,1282,2,1568,8,1981,2,1485,2,1582,8
07.07.2021,08:52,f,21-30,Android,mehrmals täglich,sicher,0:04:55.446000,98,2,42,3,keine,0:00:48.775000,4634,8,2428,4,11345,8,6573,3,3108,2,4199,2,10898,8,3209,8,2860,2,3842,1,2916,2,5787,2,2671,3,2658,1,2792,3,2318,8,3096,8,3354,2,6405,2,4959,3,2824,8,3741,3,6262,2,4459,1,1777,1,2957,1,2449,3,1705,8,2446,3,3179,8,2013,8,2250,8,2383,8,2403,2,3749,1,2787,3,3264,1,1688,8,3514,8,1963,1,1794,8,2371,3,1826,3,1975,2,2386,3,1843,1,1822,1,2156,2,1670,1,1536,3,1572,1,1908,1,2500,2,2485,8,1738,8,1954,1,4727,8,3007,3,1773,2,1407,3,6009,1,3078,2,2560,4,2829,1,2906,8,4044,2,1816,8,1993,1,1628,2,1877,2,2106,1,2156,1,1812,3,2261,1,2186,8,1886,2,7592,1,2249,2,4022,1,4002,3,3700,8,1603,1,1827,3,1357,1,2429,3,2225,1,1715,2,2248,2,3246,8,3843,3,2443,8,2464,1,1743,3,1675,1,2575,1,1491,2,2752,2,2065,1,2406,3,1909,8
07.07.2021,09:21,f,21-30,iOS,mehrmals täglich,sehr sicher,0:04:06.726000,93,7,42,3,keine,0:00:42.284000,1758,8,1321,5,4928,1,3367,8,2290,2,2749,1,2710,8,2801,8,2837,2,2401,1,1613,1,1147,1,1439,4,6378,1,2118,3,3430,3,5538,2,1996,3,3983,2,1787,1,1401,1,1467,2,1761,3,1849,8,2133,3,1941,8,2074,2,2156,1,1752,1,1899,2,5016,1,1759,3,1766,2,2967,3,2074,2,6278,3,1499,7,1449,3,1339,8,1826,8,1583,2,1399,3,1666,8,1987,3,3120,1,2293,8,1707,1,2451,1,1360,3,2032,2,2300,2,2041,2,2007,8,2549,8,1468,4,10500,8,1402,7,1770,8,1668,3,1943,1,2305,1,3660,3,1938,3,1250,1,2033,4,5668,3,1712,2,2171,1,3666,2,2795,2,2638,8,2027,8,2724,3,3365,3,1542,2,5486,2,2797,1,2173,3,2175,3,2070,8,1780,8,1840,8,1593,1,2017,8,7368,2,1733,3,3565,2,2000,1,1989,3,1477,2,1885,3,1305,2,2368,8,1792,3,2500,2,1920,8,1851,1,2300,8,1767,1,1226,2
07.07.2021,09:46,f,41-50,iOS,täglich,sicher,0:05:38.423000,99,1,42,3,keine,0:01:05.797000,2098,1,2148,1,2759,3,2057,2,1607,1,2336,2,2105,2,2468,3,4574,2,1789,1,1665,3,1878,1,1972,8,2210,3,2907,1,1899,2,2942,1,1305,8,4370,1,1833,1,1649,8,5766,2,2917,2,2861,2,1599,1,1973,1,4415,3,1463,3,7898,2,11623,2,2892,8,6086,8,3854,8,14313,2,1712,8,3556,2,2384,3,11783,3,2313,8,4146,8,1586,1,3888,1,2049,2,2434,1,7959,8,1974,3,6749,1,2398,2,2785,1,6417,8,2132,2,3415,2,1299,1,1935,2,1499,3,3010,2,8816,1,5434,8,4615,8,8949,8,11791,3,1615,2,3442,1,2818,5,3706,2,2734,8,1333,1,1724,1,3518,3,3941,3,1814,8,1978,1,2118,8,2560,1,2462,2,5068,1,7598,8,1333,1,1433,1,3218,2,1725,8,1983,1,4901,8,1514,3,1459,3,2161,2,2897,2,3141,8,2966,2,2416,3,3117,3,3881,1,1884,8,1794,8,3016,3,2873,8,1842,1,1918,3,2255,2,2993,3
07.07.2021,11:07,m,21-30,Android,mehrmals täglich,sehr sicher,0:03:34.029000,95,5,42,3,keine,0:01:05.185000,1783,1,1910,1,2374,5,1525,8,2599,3,2400,3,2163,3,1617,3,1530,3,3468,2,2799,1,3185,2,2077,1,1596,1,1731,3,2256,2,1777,7,1665,2,2388,3,2087,8,1922,2,1752,2,2373,2,3055,1,3937,1,2707,2,1906,3,3292,8,2846,3,2049,1,2109,3,2367,1,2154,2,2446,1,2057,2,2276,2,1690,1,3726,2,2210,3,2855,1,2161,1,2610,1,2208,2,3257,8,2023,8,2430,2,2296,2,2461,2,3059,8,2563,8,1804,2,1695,8,1654,1,2233,1,1873,2,2559,8,1750,3,1950,4,1675,2,1600,1,1546,8,2835,3,1544,3,1484,2,1731,2,1794,1,1488,1,1623,8,2666,3,1604,2,1867,7,1499,2,1809,2,1766,8,1569,5,2681,3,1905,3,1779,2,2169,2,2248,2,1585,2,1718,3,2045,1,1663,2,2068,3,1824,3,2034,1,1536,8,2409,3,2744,8,1586,8,2239,1,2645,1,1540,8,2083,3,1758,3,1708,8,2926,2,1777,8,1823,8
07.07.2021,11:14,m,21-30,Android,mehrmals täglich,sehr sicher,0:02:29.419000,93,7,42,3,keine,0:00:19.036000,1829,2,2630,3,1451,2,1793,2,1357,3,1736,3,1795,2,1341,3,1134,3,2468,2,1242,1,2288,8,1729,2,1585,1,1609,3,1308,1,1476,4,1476,1,1526,2,1300,3,1305,3,1270,1,1083,1,2283,1,1154,1,1036,1,1368,2,1259,3,1637,8,1792,8,1207,8,1403,3,1196,3,1186,3,1378,2,1863,3,1754,3,1831,2,2027,8,1217,2,1387,8,1749,2,2113,1,1428,8,1584,2,1222,1,2167,3,1166,8,1226,1,1080,4,1821,8,1353,8,1550,8,2001,8,1664,3,1346,3,1870,3,1347,3,1189,8,1186,2,1251,1,1889,1,1252,2,1277,1,1153,8,1228,8,1396,1,1275,1,1121,2,1293,2,1768,8,1963,3,1396,3,1135,3,1101,3,986,3,1032,1,1690,3,1401,8,2255,8,1136,8,1597,8,1099,3,1070,1,1171,1,1577,8,1346,8,1061,2,1152,2,1386,1,1291,4,2250,2,1641,8,1403,7,1544,8,1245,3,2450,8,1902,3,1149,8,1226,8
07.07.2021,11:35,f,21-30,iOS,mehrmals täglich,sehr sicher,0:03:08.242000,95,5,42,3,98,0:00:39.046000,1563,1,4927,2,2062,1,3073,2,2563,8,2010,3,1871,1,1528,1,1549,1,1827,5,2223,2,1816,3,2136,8,1684,3,1279,3,2204,1,1783,2,2088,3,1280,1,1628,3,1717,2,2286,2,1917,3,1893,2,2209,2,1502,8,1449,1,1402,3,1678,2,2026,2,1478,1,1760,8,1382,8,1242,1,1406,1,1330,7,1478,8,1862,3,1619,3,1636,3,1553,8,1575,1,2076,2,1295,1,3324,2,2077,3,1516,8,2060,3,1840,8,1568,1,1523,4,2093,3,1268,1,1206,2,2066,3,2059,2,3422,2,1743,2,2210,3,1677,8,2209,2,2409,8,1576,8,1608,3,1319,3,1296,2,1507,1,1711,1,3359,3,1368,8,1800,8,3960,2,2073,2,2071,3,1833,2,1411,8,1594,1,2110,8,1838,1,1398,8,1806,1,1548,2,2623,8,1269,8,2055,3,1711,8,1498,3,1276,8,2092,2,2183,2,1274,2,2277,1,2788,3,1487,1,1627,3,2658,8,1590,2,1445,2,2033,3,2021,1
07.07.2021,11:51,f,21-30,iOS,mehrmals täglich,sehr sicher,0:03:15.406000,98,2,42,3,keine,0:00:42.045000,3291,8,4822,2,2681,8,3119,2,2550,2,3211,2,2185,2,1881,8,1689,3,1950,8,1884,3,1966,8,1693,1,1873,2,1594,8,1550,1,3988,8,1634,8,1732,2,1510,3,1722,8,1883,1,1949,8,1995,8,1422,3,1633,8,1877,8,4732,2,1456,8,1201,1,1661,8,1788,3,1444,1,1600,8,1556,1,1610,3,2932,8,2451,2,1484,8,1781,2,1917,8,1506,1,1660,2,1606,8,1651,2,1850,2,2077,8,1683,3,1882,1,1673,2,1577,2,1723,3,1916,8,1378,1,1365,2,1433,8,2352,3,1387,2,1727,3,1623,1,1551,1,1626,1,1823,3,2510,2,1556,1,1494,3,2673,3,1650,1,1432,1,1483,1,2761,1,1690,4,2849,1,1744,8,1768,1,1488,3,1327,3,2199,3,1366,1,1583,1,1807,3,1933,2,1544,8,1539,3,1360,2,1824,2,3110,8,6166,1,1881,1,1402,3,1781,1,1650,8,2184,3,1233,3,1201,1,1599,3,1356,2,1700,1,2912,1,1672,3
07.07.2021,11:53,f,31-40,Android,mehrmals täglich,sicher,0:03:41.968000,99,1,42,3,keine,0:00:31.544000,2326,8,2518,2,1988,3,2673,8,2539,3,1912,8,3682,8,2548,3,2887,1,1509,1,1925,8,2542,3,2517,3,2536,1,2002,2,1965,3,1888,8,2231,8,1785,3,1990,1,2029,8,2811,2,1727,3,2033,1,2649,8,3134,8,3583,2,1696,1,1484,8,2764,2,2475,1,1534,8,2287,8,2527,1,1825,3,1625,4,1544,1,1691,2,1844,1,1928,2,3811,3,1843,8,1793,8,1551,8,1677,8,2114,2,2075,3,2875,8,2403,8,1724,1,2610,3,2185,8,2630,8,2663,1,1489,8,1619,8,2207,3,2012,8,1832,3,2376,2,1509,2,1903,1,1651,3,1924,2,1743,3,3419,2,2354,8,1543,1,4039,8,1753,3,3118,3,2189,2,1744,3,1524,2,2295,2,3684,8,1798,1,2302,3,3886,8,2186,2,1827,1,1835,1,1705,1,1852,8,1987,1,1616,1,1936,2,3713,3,2743,3,1894,1,2235,8,1667,1,3218,2,2140,3,2058,3,1517,1,2485,3,1928,8,2095,3,2169,1
07.07.2021,12:10,m,21-30,Android,mehrmals täglich,sehr sicher,0:03:16.754000,99,1,42,3,keine,0:00:36.813000,2006,3,3171,3,1932,8,1908,3,1647,1,2173,3,1607,1,2621,2,2238,3,1882,1,1334,1,1586,1,2691,8,3172,3,1620,2,1924,8,1859,2,1950,3,2985,8,1760,8,2590,2,2336,8,2232,2,2099,2,2138,2,1636,3,1888,2,2460,8,1776,2,1770,3,1939,3,1849,3,1653,3,1728,8,2004,3,3268,2,1725,3,2120,1,1494,1,1518,8,2134,3,2523,2,2304,2,1498,1,2454,8,3429,2,2221,3,1637,3,1356,3,2233,8,1407,2,1335,1,2716,3,1599,2,2534,8,1975,2,2099,1,2010,1,2242,8,1614,2,2960,8,2223,3,1594,3,1790,2,1990,1,1706,8,1921,2,1273,2,1410,3,2170,1,1357,3,1892,8,1448,7,3942,8,4740,2,1922,1,2576,8,1206,1,1829,2,1351,1,1177,8,1765,3,1379,3,1732,2,1456,2,1654,8,1554,8,1535,2,1280,1,1377,1,1646,2,1472,3,1705,8,1658,2,1671,3,1581,1,1692,8,1931,3,1474,1,1853,1
07.07.2021,12:10,m,21-30,Android,mehrmals täglich,sehr sicher,0:03:29.879000,95,5,42,3,keine,0:00:27.228000,4767,2,3204,8,2546,1,2625,2,3146,2,2078,8,1710,1,2042,2,3332,7,2929,1,2080,3,2705,3,1432,3,2043,3,1897,3,1556,2,2131,8,1662,2,1403,7,1907,2,1486,2,1520,3,1413,1,1176,1,1682,2,2371,4,1414,2,1522,1,1448,1,1822,4,4567,2,2502,2,3147,2,2813,2,1305,2,1277,2,1520,1,1895,3,1513,3,1801,3,1966,2,2192,3,1942,3,1433,3,1850,3,1344,2,2581,2,4652,1,2522,3,3378,2,2257,8,2180,2,2002,8,1478,3,1236,1,1770,2,1642,1,1856,3,2014,3,1330,2,2481,2,1407,8,1784,3,2317,2,2299,2,1551,1,1305,1,1516,2,2645,1,4190,3,1932,3,1433,3,1671,8,1267,1,1553,2,2894,8,1981,8,1314,1,1291,3,1404,3,2163,3,1520,8,1932,2,1699,2,2210,8,2700,3,1911,3,1225,3,3874,2,3636,8,2518,3,1311,8,2544,1,4301,3,1601,3,2898,8,2001,2,1584,2,1355,1,1340,8
07.07.2021,12:26,f,11-20,iOS,mehrmals täglich,sehr sicher,0:04:29.722000,96,4,42,3,keine,0:00:41.209000,3641,2,2608,3,2278,1,2099,8,2821,2,3145,8,2897,2,2183,1,5817,1,2440,3,3233,8,2879,8,2683,8,4513,3,2158,2,3068,8,2212,1,1686,1,2128,2,2188,3,3341,8,2957,3,3327,1,1574,4,4998,8,2429,8,2914,2,1958,3,2383,1,1932,3,2697,2,1922,1,2066,8,2691,8,2508,2,2012,3,3455,1,3166,8,2416,8,2500,2,2012,1,2513,2,2649,1,2323,8,2152,3,1900,3,2549,1,2329,2,2604,2,1883,3,1860,2,3524,8,2131,2,2802,2,2110,2,1889,1,1728,5,2705,1,2266,1,2784,8,6492,1,1775,3,2225,8,2308,3,1666,2,2166,2,2093,2,2374,3,2283,1,2366,1,1962,8,3138,3,2784,3,3116,2,2550,2,1780,8,2269,3,2793,3,3592,1,2610,3,1914,5,2608,1,1732,3,2161,3,2222,8,6498,2,2043,3,4168,3,2923,1,3093,3,3141,2,2666,2,2708,8,2753,3,2155,2,4949,3,2642,8,3308,1,4194,8,2855,8
07.07.2021,12:31,f,31-40,Android,mehrmals täglich,sicher,0:03:55.776000,100,0,42,3,keine,0:00:23.879000,2816,1,2828,2,3109,3,3015,3,2528,2,3743,8,1832,1,2591,2,3273,3,1757,1,1579,1,2972,2,4257,2,2222,8,2254,8,2757,2,3515,8,3956,2,2358,3,1721,3,2376,2,2520,2,2736,2,2415,3,3893,8,4826,3,1920,1,7827,8,1862,8,7999,2,5502,8,1624,8,1479,8,2153,1,1792,1,1786,1,1697,8,1975,2,2398,3,2396,3,1872,3,1524,1,1871,3,1420,2,2079,2,1972,3,2204,1,3385,3,1171,1,1237,2,1886,8,2794,2,4203,2,1951,2,1808,2,1652,3,1653,1,1770,3,1449,3,1784,8,1515,1,1621,8,2506,8,2095,1,1329,3,1570,8,1885,2,1524,8,2017,2,1538,2,1431,3,1408,2,1702,1,1882,3,2221,1,1844,8,1399,1,2066,8,2111,1,1718,8,1381,3,2124,2,1396,3,2163,2,1568,3,6262,3,2379,1,1340,3,1352,3,1584,8,2019,3,2532,3,1665,2,2349,1,1470,1,1822,2,2021,2,1900,3,3613,1,3110,2
07.07.2021,12:31,f,21-30,iOS,mehrmals täglich,sicher,0:03:56.424000,94,6,42,3,keine,0:00:17.367000,2755,8,1272,5,4834,3,2941,2,2155,2,3543,3,2907,1,2914,3,2358,2,3140,3,4643,8,4044,1,2097,2,3733,1,3341,3,2515,3,2255,3,4295,8,1854,8,1544,3,2140,2,2096,8,2824,1,1986,2,7643,1,1855,7,1813,3,2765,1,2431,1,1613,8,2330,1,2221,1,1545,8,2857,2,1820,8,2565,8,1655,8,1318,2,2699,8,1845,8,2465,2,2572,3,5196,2,2447,2,1588,1,2673,8,2792,3,4927,8,2439,3,1486,1,2256,8,1995,8,2004,1,2206,2,1713,8,1520,3,1813,8,5337,3,1694,3,1997,3,2447,1,2115,1,2029,4,1496,4,1821,2,1429,1,2154,8,2355,2,1621,2,6049,1,1703,2,1245,1,1537,1,1637,1,2028,2,1407,1,1493,8,1438,3,2403,2,1712,8,2331,8,2105,1,1511,8,2023,2,2087,8,1988,3,1631,3,2504,1,1311,1,1478,4,1838,3,1487,8,1989,2,1941,8,1365,1,3142,1,2021,3,1329,3,1989,3,1936,2
07.07.2021,12:33,m,21-30,iOS,mehrmals täglich,sehr sicher,0:03:16.050000,97,3,42,3,keine,0:00:14.200000,1632,1,1810,3,2090,8,3153,2,2698,2,2827,3,1930,3,1733,2,1801,2,2575,8,2221,1,2219,8,1596,1,2870,1,2782,8,1471,3,1579,8,4360,8,2907,2,1941,7,4126,8,2484,3,2648,8,1822,8,1330,1,1411,1,1465,3,1976,3,1833,1,1829,8,1297,8,1871,8,2012,2,1671,2,2005,8,1913,2,1545,8,1297,8,1810,1,1490,3,1847,1,1642,1,1649,3,2614,1,3425,8,1447,1,1360,3,2690,1,1438,8,2590,8,1381,1,1270,5,2441,3,2546,2,1880,2,1370,2,2698,2,2200,3,1545,2,1603,3,1949,2,2055,8,1572,8,1837,3,1393,3,1231,3,1644,2,1521,3,2155,2,1471,8,1430,3,1790,3,1644,8,2369,4,3154,1,2029,3,1520,2,1367,8,1541,8,2184,3,1678,1,2550,2,2612,8,2635,8,1362,1,1469,8,1336,1,1921,1,1866,8,1951,3,1505,8,1573,1,1895,1,1650,1,1268,1,1471,3,1470,2,1521,1,1766,3,3021,8
07.07.2021,12:47,m,über 60,Android,mehrmals täglich,mittelmäßig,0:04:59.807000,100,0,42,3,keine,0:00:45.388000,3665,2,4577,3,2558,1,3111,8,3520,3,2768,1,2519,1,2309,3,2781,3,4013,3,2273,2,3089,8,2945,8,2884,2,2828,8,3388,8,3383,3,2672,2,2487,2,1999,2,2599,2,3553,3,5651,3,2369,1,2230,2,2771,1,2556,8,3272,1,3981,8,2647,8,2428,2,2788,8,4186,2,3020,1,2630,8,2650,1,3333,1,2985,8,2943,1,2217,1,2546,2,3305,8,3092,2,2826,2,3153,8,2855,8,2645,2,3332,1,2818,2,2541,1,2749,8,2498,8,4820,1,2916,3,2900,1,2296,1,6629,2,3121,3,2179,2,3570,2,4061,1,2940,2,2528,2,2610,1,5778,3,3742,1,4743,2,3104,8,2401,2,1835,8,2388,8,2004,8,3720,2,2522,3,2211,2,2595,1,2269,3,2623,3,2407,8,5055,3,2045,1,2101,2,3175,1,2721,3,2507,3,2397,8,3166,3,2892,8,2304,1,4002,1,2432,1,4861,2,2041,3,2112,3,1986,3,3519,3,2491,3,2581,3,2292,1,2526,8
07.07.2021,13:00,f,21-30,iOS,mehrmals täglich,sehr sicher,0:02:46.730000,99,1,42,3,keine,0:00:16.437000,2280,8,2656,3,2368,8,2072,2,2169,3,2143,2,1970,1,2282,1,2237,8,1493,8,1579,3,1677,3,1563,3,1736,8,1437,1,1402,8,2504,8,1575,3,1829,2,1743,3,1520,8,1361,3,3156,2,1484,2,1435,3,1504,1,1607,8,1369,1,1730,2,1503,3,1375,1,1414,3,1239,8,1687,2,1201,1,1778,8,2570,2,1386,3,1141,3,2254,8,1695,2,1369,1,1709,1,1211,1,1558,1,1554,1,1868,2,1531,2,1875,3,1513,8,1385,2,1669,3,1704,8,2186,1,1793,3,2520,8,1472,2,1309,1,1359,3,1445,8,1376,1,1186,1,1002,1,1044,4,2304,2,1486,2,1669,8,1543,3,1443,2,1894,2,1536,8,1695,3,2023,2,1490,8,1212,1,1302,3,1641,3,1686,3,1194,8,1753,2,1753,2,1518,2,1325,3,1969,1,1761,1,1360,8,1728,8,1059,8,2463,8,1317,3,1620,3,1051,3,1741,3,1730,2,1635,3,2409,2,1027,3,1993,1,1428,2,1201,2
07.07.2021,13:03,f,über 60,Android,mehrmals täglich,sicher,0:03:34.504000,100,0,42,3,keine,0:00:58.448000,2497,1,2586,1,1621,3,1790,2,2542,2,2300,8,2177,2,3042,2,2629,3,1486,3,1588,1,2700,8,1887,2,2318,2,1611,3,2553,1,2387,8,2706,3,2029,3,1728,1,1973,3,1790,1,2505,1,1839,8,3954,1,1555,1,2786,3,1632,8,1776,2,2009,8,2406,8,1912,2,1997,8,1580,3,1922,8,2405,3,2212,3,1582,2,1980,8,2252,8,1767,1,2871,3,1452,3,1464,1,2521,1,2792,1,2097,2,2201,1,2933,3,1772,2,1690,1,1767,3,2211,2,1742,3,3028,8,1511,1,2243,3,2169,2,1747,2,2076,8,1739,1,1859,8,1497,1,2798,1,2083,2,3644,2,1913,3,2780,8,1777,3,1538,8,3682,8,4124,2,1706,2,1671,1,1890,2,1602,1,1661,3,2063,2,1728,1,2367,1,1742,1,1576,2,1949,2,1669,1,3666,2,1735,3,2322,3,1669,1,2026,2,3622,8,1616,2,1859,2,2480,3,1453,3,1721,2,2489,2,2701,2,1925,2,1734,2,1895,2
07.07.2021,13:09,f,21-30,iOS,mehrmals täglich,sehr sicher,0:03:16.483000,95,5,42,3,keine,0:00:38.338000,1240,1,6998,5,2076,8,1733,1,1410,2,2649,3,2063,3,1696,2,2342,1,1872,8,3569,2,1561,8,1448,1,1382,3,1470,2,1263,8,1727,3,2537,3,1364,2,1552,2,1415,3,2374,3,2048,2,1093,8,1270,7,2247,3,1718,2,1648,2,2266,3,1289,1,1029,2,2832,8,2686,2,3748,8,2267,2,2035,2,3214,3,2351,1,1072,8,1575,2,1568,3,2447,1,1269,3,1267,1,2282,1,2664,1,1573,3,1398,3,1397,3,1684,2,3048,8,2015,3,1814,2,1838,3,1867,8,2496,3,969,8,1194,2,1024,2,1633,3,1362,3,1453,2,1372,8,1530,8,1881,2,1537,2,1014,2,1615,3,2917,3,1936,7,1465,8,1000,8,3162,3,1873,3,4173,2,7303,1,1320,3,2452,2,3298,8,1782,3,2133,3,1417,8,2398,8,1221,8,1695,3,1888,2,1362,3,2666,8,1967,1,1036,1,2051,8,1451,1,1922,8,1645,3,1464,1,1607,3,1307,8,1488,2,2450,1,1262,8
07.07.2021,13:10,m,51-60,Android,mehrmals täglich,mittelmäßig,0:05:05.293000,90,10,42,3,keine,0:00:30.718000,4664,1,3372,2,5665,2,2861,1,1704,7,2771,1,4490,1,4657,2,2541,8,3308,8,5287,2,2106,3,3783,2,5242,2,4198,8,2560,8,3676,8,2572,8,4396,3,2674,1,2679,8,1855,7,2321,2,2480,2,3398,2,3024,3,3190,3,3247,2,2906,3,3132,1,3063,2,2119,2,2112,5,2581,1,1571,8,2925,2,1794,1,2411,2,3099,2,2148,8,2598,8,2450,5,2938,1,5144,2,2233,8,2381,8,1934,1,2398,2,5616,3,4864,3,3570,3,3261,1,3160,1,2681,2,5006,1,2938,2,2277,2,2609,3,2811,1,2442,2,2346,2,2057,1,2392,8,2380,1,4311,3,2769,1,2542,2,2324,1,6375,4,2340,1,2750,1,2482,4,4897,4,2499,1,3044,3,1984,2,2198,1,3521,3,3348,2,2851,1,2610,1,2970,2,3056,2,2453,1,2370,3,3212,2,2734,3,3314,1,2436,8,3244,2,3067,3,3824,2,3273,3,3360,1,2578,3,2204,1,2400,2,2843,2,3314,8,1834,1
07.07.2021,14:04,f,21-30,iOS,mehrmals täglich,sehr sicher,0:03:58.766000,87,13,42,3,keine,0:00:36.412000,1852,1,1704,8,1785,8,1808,4,2283,1,1919,2,1981,7,3182,1,1355,1,1926,4,2356,5,3539,8,2387,8,2049,4,7769,2,3900,8,2181,3,3900,1,3982,1,2374,1,3363,2,1667,1,1714,8,2481,1,3815,3,2619,8,2535,3,1882,3,2370,2,2566,1,3134,1,2608,8,2181,3,1642,2,2556,8,1764,1,1735,2,3902,8,1721,8,1815,3,2052,1,1935,8,2000,2,1566,1,1752,2,1697,2,1935,2,2619,1,2857,2,2062,8,1864,4,1525,3,1664,3,2156,8,1582,3,2540,2,3080,3,1299,1,2006,1,2563,3,2634,2,3714,1,2361,1,1707,3,1311,1,3086,1,1164,1,2713,8,3338,8,1407,5,4593,2,2336,2,1866,8,2552,1,1729,3,1807,1,2222,8,1918,1,1298,1,2464,2,2056,2,2715,2,3170,8,4219,2,1763,2,2524,2,1675,3,3631,8,2157,5,3179,2,2202,1,1899,8,2178,3,3324,8,1550,4,3071,1,2115,3,2423,1,1200,7,2395,8
07.07.2021,14:16,f,51-60,iOS,mehrmals täglich,mittelmäßig,0:03:53.039000,97,3,42,3,keine,0:00:38.202000,2889,4,4239,8,1492,3,1654,2,1280,7,3599,8,2035,3,1813,2,2505,8,2764,3,5568,2,1986,1,4244,1,4534,2,1882,3,1916,2,2984,1,1935,1,2784,8,2747,1,3182,8,2106,1,3626,8,2084,2,2066,2,2185,2,2333,1,2683,1,3034,1,2051,1,3026,8,2539,1,2382,8,1583,3,1950,8,2350,8,2117,2,1923,3,2760,1,2718,8,4682,2,1739,8,1677,8,1716,3,2364,2,1751,8,1901,1,2049,8,2332,8,3235,8,2548,8,2001,2,2150,3,1851,3,2516,8,3650,1,2017,3,2282,8,1383,2,1468,2,2249,8,2117,3,2350,1,2011,1,3305,2,3019,1,1782,3,1700,8,1767,1,3404,2,2200,3,2284,2,1744,3,2567,8,1417,3,2067,3,2156,3,1827,8,1817,1,1636,8,2367,3,3213,3,3568,3,1664,3,1384,3,1616,8,1819,8,1753,3,1632,1,3080,1,1817,2,1349,3,1816,3,2017,3,971,1,1930,3,1683,2,1548,2,2354,8,3150,2
07.07.2021,14:43,m,11-20,iOS,mehrmals täglich,sehr sicher,0:07:11.115000,89,11,42,3,keine,0:00:59.274000,4337,1,3535,4,3899,5,15614,2,6933,2,4200,1,8117,2,5486,8,2749,1,4950,8,3851,8,4351,2,3372,2,4126,8,2804,3,4383,1,4664,2,2532,3,3265,8,5701,2,4669,1,8097,5,10040,3,2614,1,4680,3,2231,2,3501,3,6451,8,2104,1,3094,3,1702,3,2366,1,4164,4,1577,3,3159,1,2683,8,3607,1,2542,8,2955,5,4562,2,5317,8,6972,1,2461,3,3234,8,5048,8,2786,8,3267,1,3833,8,4184,8,2319,4,4531,1,4252,3,3347,1,2967,1,2165,5,6021,1,3516,8,2318,1,8262,1,1750,1,2159,8,2659,1,10003,8,3179,8,3248,2,5138,5,4432,1,2519,8,3396,5,8500,5,2981,1,7853,2,2301,3,5729,3,1738,1,7383,3,6265,2,2235,4,3112,2,1405,2,15048,3,5864,2,3116,2,1733,2,3201,1,3023,2,1999,1,5514,1,4031,2,3699,1,4200,2,3935,1,2111,8,1595,8,16444,2,2277,2,2567,8,6586,8,1313,8,2370,1
07.07.2021,15:53,m,über 60,iOS,mehrmals täglich,mittelmäßig,0:04:43.923000,99,1,42,3,keine,0:00:37.049000,3197,8,2883,2,3570,2,2218,8,1943,3,2525,8,2250,3,2785,3,2716,8,2369,1,1909,7,2526,2,3320,2,3383,3,2214,8,2989,3,4694,3,2850,1,2090,2,3312,1,4835,3,1905,8,3007,2,3076,2,2150,1,2925,1,3370,1,2518,1,4178,1,3695,8,2415,3,3960,1,2455,2,3108,1,1968,2,4029,8,2519,3,2394,3,3635,3,2601,8,2525,8,3718,3,2066,2,2829,3,2252,1,2029,2,2160,1,3474,3,2663,8,2870,8,2453,3,4534,3,1986,8,2183,8,3344,1,2051,1,2356,1,2975,1,2938,3,5905,1,1917,2,1874,8,4190,8,2722,3,3861,1,2467,2,3068,2,2534,2,2059,8,4974,3,2822,3,2067,8,2526,8,3947,2,2599,3,3385,2,2860,8,2492,2,2783,3,2103,2,2801,1,1927,2,2235,1,2438,8,2436,8,2951,1,2771,8,3077,2,2084,3,2872,3,2287,2,2968,1,2271,2,2463,1,1863,8,2546,3,6213,8,2563,2,1752,8,2342,1
07.07.2021,15:54,m,51-60,iOS,mehrmals täglich,mittelmäßig,0:07:21.404000,99,1,keine,keine,keine,0:01:03.487000,6274,3,8934,8,5682,1,6004,1,2782,3,2331,2,4072,8,2412,1,2319,3,2264,8,2977,2,4822,1,3766,2,6133,3,6353,2,3848,8,5499,3,6708,8,10439,1,3188,3,4920,2,3780,2,3117,8,3315,2,3153,2,4715,1,3032,3,3079,1,3869,1,2805,1,2697,2,2895,1,3155,1,2734,1,2050,1,2954,1,4697,2,3048,8,9098,1,5069,8,6203,3,5031,2,7369,1,5896,1,2938,2,4580,2,2618,2,5131,2,4536,2,4150,1,3635,2,3178,2,4684,8,3918,2,3299,1,8069,2,5052,2,6366,1,5848,3,9533,8,5469,3,8537,2,5915,1,4548,8,2817,3,5736,8,3382,1,3931,1,5935,2,3367,3,5933,8,5268,1,2945,1,5789,8,3994,1,3096,3,3856,1,2705,2,2340,2,2839,2,5054,2,2300,4,3548,8,5050,1,5067,2,3418,1,4336,2,3009,8,5421,3,3329,3,6884,2,2971,1,2619,8,2549,3,3949,3,4434,3,2865,2,3134,3,3900,3,6120,8
07.07.2021,17:11,f,41-50,Android,mehrmals täglich,sicher,0:04:45.554000,99,1,42,3,38,0:00:50.658000,4172,8,3399,2,4822,2,3676,3,2704,3,2438,2,2445,8,2458,8,4329,2,2933,8,2886,1,2224,3,2823,3,2282,1,2404,8,3741,1,2785,8,2318,3,3004,1,4372,1,2494,8,2003,2,2369,1,6012,3,1955,3,2043,8,2873,1,1754,8,2106,8,1998,8,2458,8,1919,2,2400,3,4122,3,2165,2,1817,3,1883,1,3689,1,3031,3,2196,3,1856,1,1933,1,2756,3,2336,2,2201,3,6558,1,6934,3,2154,2,2787,8,2993,3,2854,1,2146,1,1956,8,2130,2,2413,1,3407,2,2664,2,2661,2,2145,2,4052,8,6126,8,1453,2,1527,2,1494,2,5041,2,3573,2,3433,3,2156,2,3176,8,5112,3,2036,8,4552,3,2255,2,2049,3,2252,3,2316,1,2579,3,2090,1,1874,8,2283,3,2905,3,2667,8,4086,1,5986,3,1912,2,3800,1,3054,8,2735,1,2373,3,1794,2,2163,2,2877,3,2060,8,2101,2,2074,2,2207,8,3089,8,2805,3,2120,1,2281,3
07.07.2021,18:03,m,11-20,Android,mehrmals täglich,sehr sicher,0:05:10.023000,97,3,42,3,keine,0:00:32.120000,3992,3,3283,2,3012,1,2422,1,3128,8,3685,2,5378,8,2346,2,2875,8,2095,1,2494,8,2349,7,2716,3,2346,2,4137,3,5338,3,3948,3,3071,2,3798,3,3679,3,3187,2,3379,8,2830,3,5265,2,5771,8,3718,3,4767,3,4156,8,1606,3,2585,2,1790,3,1821,3,2717,1,2024,1,5408,2,4808,2,4431,3,1883,3,2244,2,3125,3,4161,8,3433,3,2489,2,3263,3,2805,3,2975,2,3299,2,1871,3,2589,8,3703,2,3149,8,2806,3,2355,1,1668,3,2570,2,4559,3,1707,8,2811,2,1463,1,2449,2,2341,2,2531,1,3245,2,4003,2,4988,1,2623,8,2126,3,6018,2,2193,2,2556,8,2580,8,2894,8,2152,2,1810,1,4125,8,2425,8,1970,1,6767,3,1352,1,2053,8,2688,1,2415,1,4053,2,2020,1,2053,8,4158,2,2233,3,4594,8,2677,2,3207,8,3045,1,2164,3,2656,1,2465,7,5510,3,2875,3,2858,3,1882,8,2734,3,2677,2
07.07.2021,18:23,m,21-30,Android,mehrmals täglich,sicher,0:03:20.830000,100,0,42,3,keine,0:00:23.683000,2322,3,2093,3,2310,3,2670,8,2064,2,1509,1,2234,2,1860,1,2251,1,1635,1,2216,1,1706,1,1508,1,2389,1,1902,2,1739,2,2139,2,1427,1,1718,3,1865,2,1901,2,1757,3,2831,3,2357,8,4257,8,1328,1,1446,2,1662,3,2902,2,1850,2,1727,1,1459,1,1851,1,3620,8,1479,1,2363,2,1806,2,2080,3,1417,3,1490,1,1637,8,1667,3,1820,8,2877,8,2402,8,1640,1,3503,3,1379,2,1624,8,1429,2,1943,8,1455,8,2088,8,2398,3,1505,1,1736,3,1779,3,2550,2,2318,2,1448,3,1691,1,1679,8,2190,3,2173,1,1543,2,2360,1,2244,3,1466,8,2159,2,2065,8,2902,2,1766,3,2758,3,1735,3,2145,8,2316,8,1559,8,1360,1,2512,2,1752,8,1818,2,2135,2,1319,3,1662,8,1769,2,1479,1,2617,3,2979,3,2213,8,1977,8,1627,8,2789,1,2152,8,2032,8,1631,1,1409,1,1639,1,1528,2,2924,8,2318,1
07.07.2021,18:27,m,51-60,Android,täglich,mittelmäßig,0:03:58.495000,76,24,42,3,keine,0:00:56.939000,5355,8,2125,1,2463,3,5234,2,3152,3,4402,8,2839,8,2609,3,2851,1,3195,8,2835,8,2938,7,4787,1,2753,3,2476,3,2093,8,6982,3,3545,3,3962,1,2370,1,2588,3,2472,1,5436,2,2403,1,6582,1,2430,1,2133,1,2688,1,1863,3,2128,3,2465,1,2964,8,4070,3,1863,1,4032,8,3033,3,5826,2,2024,8,3572,8,2301,1,4350,1,2418,2,3139,2,3165,3,2046,3,2751,8,2815,2,3834,8,4290,2,3365,8,2823,1,4073,1,3293,2,4268,8,2122,3,3506,1,7918,8,3449,1,4091,2,2916,2,919,2,790,2,987,5,714,4,791,5,699,4,877,2,795,4,723,1,774,7,875,7,555,1,574,2,425,2,537,7,469,4,616,2,401,2,905,2,372,2,404,2,334,1,325,2,664,3,879,8,698,2,426,8,362,7,364,2,970,2,388,5,482,5,336,3,878,8,1991,1,1860,1,1980,8,2919,8,2739,2,2812,8
07.07.2021,19:15,m,21-30,Android,mehrmals täglich,sehr sicher,0:02:51.995000,99,1,42,3,keine,0:00:34.462000,1740,5,2274,2,2172,3,2247,8,1650,3,2266,3,1732,2,1535,1,1835,8,2132,1,1710,2,1798,3,3470,2,1279,2,1547,8,2300,2,1457,2,1582,1,1489,1,1367,1,2081,3,1822,8,1688,3,1337,1,1720,1,1409,1,1344,3,1329,3,1581,2,1982,3,1539,8,1314,3,1681,1,1370,8,2555,3,2097,8,1715,2,1291,3,1549,2,1330,1,1432,3,1643,1,1602,8,1302,1,1309,3,1264,8,2027,1,3983,3,1321,8,2119,2,2512,8,1598,3,1312,3,1181,2,1370,1,2316,2,1693,8,1760,8,1387,8,1342,3,1333,3,1832,2,1680,2,1392,3,1188,1,1738,2,1222,1,1381,3,1150,3,1146,8,1431,2,1260,3,1880,2,1674,8,1565,8,2466,2,2335,8,1388,2,1907,3,1749,3,1381,3,1732,2,1488,8,1278,2,1380,3,1401,8,1271,3,2451,1,1406,8,2249,2,1400,3,1471,1,1471,2,1871,3,1638,1,3090,2,1779,8,1768,2,1796,8,2989,2
07.07.2021,22:01,f,21-30,iOS,mehrmals täglich,sehr sicher,0:03:52.635000,98,2,42,3,keine,0:00:29.504000,2240,2,3630,8,4167,1,2103,3,2598,2,3198,2,2501,2,1953,1,1999,3,1915,1,1850,8,2383,2,2249,8,1984,2,2250,2,2235,3,1750,1,2015,2,2653,1,1731,3,1867,8,4366,2,2351,2,1800,1,1652,8,1749,3,1466,1,1452,1,1915,3,2198,2,5852,2,2465,2,4952,1,1766,3,1900,1,2566,1,1585,1,1704,1,1980,1,1333,8,1732,1,1633,1,1918,1,2914,2,1624,3,3013,8,2247,8,1634,1,1700,1,1400,1,2965,2,1718,1,1423,1,1445,1,2001,1,1832,3,2152,8,2049,4,2865,3,1617,2,1953,8,2211,8,2235,2,2133,8,4616,8,1449,8,2885,2,3399,3,3886,8,2330,8,2586,1,4171,3,2397,1,2198,2,2317,2,1867,1,6517,8,1667,8,2199,1,1784,3,2600,1,1684,3,232,1,3665,8,2399,2,3119,8,3753,3,1698,2,1581,8,4000,2,1901,8,2116,3,1749,2,1470,8,2097,2,1618,7,3531,8,1416,3,1368,1,1616,1
07.07.2021,23:38,f,21-30,Android,täglich,sicher,0:02:40.034000,98,2,42,3,keine,0:00:38.829000,2836,3,1816,2,1716,8,1307,1,2177,2,1622,1,2264,8,1771,3,2128,8,1882,8,1598,3,1118,3,1559,3,2830,8,3071,2,1434,3,1743,2,1531,8,1637,8,1246,8,1483,1,1186,1,1124,5,1978,8,1383,8,1120,1,1325,8,1380,8,1538,3,2469,8,2363,3,1541,1,1915,1,2165,8,2197,2,1436,8,1251,1,1247,8,1291,8,2112,8,1210,5,2025,8,1160,1,1466,1,1581,2,1330,1,1473,3,1761,8,1343,3,1253,3,1386,3,1448,2,2160,8,1721,3,1202,2,1387,2,1337,3,1911,1,1722,3,1165,2,1786,2,1137,2,1195,3,1379,3,1099,3,1321,8,2163,2,1930,8,2096,2,2782,2,1787,3,1096,3,1402,3,1510,2,1526,3,1587,2,1368,1,900,1,1366,3,1474,3,1578,2,1360,3,1292,1,1388,8,1448,3,2020,2,1326,8,1503,3,1296,3,1251,2,1272,1,1266,8,1643,3,1443,8,1571,2,1617,3,1491,1,1938,2,1150,1,1328,2
08.07.2021,00:34,f,51-60,Android,täglich,sicher,0:06:08.913000,99,1,42,3,keine,0:01:40.762000,5828,1,4881,2,7989,2,2300,1,3624,1,2518,8,2784,3,3141,8,3232,3,2940,8,2547,1,2009,1,3777,2,1836,1,2745,1,1707,8,2512,2,2537,8,6916,4,7906,3,2715,3,5839,2,4081,3,6096,2,3574,8,2308,2,4966,2,3581,8,3349,2,3311,2,2398,8,2295,3,4349,3,2853,3,4340,1,3014,2,3291,8,5917,8,1858,1,2060,3,1933,3,2972,8,7022,1,1842,1,2552,1,4173,3,5512,3,2278,2,3196,3,10208,3,8556,3,6756,8,2392,1,8497,2,1924,1,2791,3,3932,3,3983,3,2479,2,5057,1,4925,3,2476,8,1704,1,2462,1,2070,1,2515,1,1971,1,2439,2,3610,2,2321,3,3552,2,9082,1,3333,2,2398,8,2450,8,2887,2,3469,1,1790,8,2175,8,4009,8,6226,2,2443,3,5516,2,2003,2,3010,2,2548,3,4008,8,2500,8,7600,3,2272,3,2240,2,3049,1,3012,3,5121,2,4370,3,3921,8,4158,2,3562,8,2336,3,2845,2
08.07.2021,11:10,m,41-50,iOS,mehrmals täglich,mittelmäßig,0:03:52.806000,95,5,42,3,keine,0:00:47.937000,2530,2,5900,1,2499,2,4249,2,2084,1,2935,2,4749,3,1633,3,3000,1,1901,1,2099,1,1784,1,2032,1,2283,3,2418,2,2250,2,1900,4,1787,1,2096,2,2384,3,2066,3,2549,8,2251,3,1967,3,2183,2,1816,3,1916,8,1783,8,2367,1,1800,1,1899,3,2050,2,1718,8,1684,2,1898,3,1717,8,1850,2,2501,2,1632,1,2634,8,1884,1,1833,1,1916,1,2083,2,1784,1,2000,2,1716,2,2000,8,1900,3,2017,1,3034,2,4700,3,2450,2,2383,1,2649,1,2049,2,1786,3,1765,2,2151,2,1917,8,1899,2,1816,5,2267,8,1983,2,2550,3,2067,3,1932,1,2434,8,1882,8,1934,3,1949,3,2517,3,1752,2,2699,2,2416,8,1766,3,2034,3,3467,2,1800,2,1850,2,1767,1,1984,2,1966,3,1967,1,1999,1,4101,2,2234,3,2566,8,3068,2,2686,2,1913,3,2033,8,4633,8,2017,3,2215,1,2968,5,2383,8,5999,3,1918,2,2550,2
08.07.2021,09:21,m,31-40,iOS,täglich,sehr sicher,0:05:31.100000,99,1,42,3,keine,0:01:27.881000,6766,8,3285,8,2946,1,2203,1,4403,3,5707,8,4133,2,5529,3,4164,2,4677,2,2877,3,4236,2,4631,2,2729,1,2922,8,2246,3,4789,8,3096,1,1760,1,3100,3,2476,2,4235,2,4900,2,7848,2,2249,1,5162,2,1936,3,2169,8,3822,2,3890,8,2321,3,2987,3,3029,1,2856,8,3194,1,2703,8,2182,3,6286,8,2380,8,16189,2,6833,2,4819,2,1875,1,1847,1,2643,1,1905,3,3991,1,3002,8,1874,1,1807,3,2802,2,1899,8,3270,8,2518,2,1611,1,2576,1,1945,3,1876,1,1370,3,3743,1,3880,1,4374,2,2628,3,2654,3,4207,3,5965,2,2253,8,2074,3,1633,2,3123,2,6280,2,2812,3,1936,1,1410,1,1599,8,3230,3,2862,2,1828,3,2066,3,2864,8,4899,1,2020,1,2172,3,1914,2,2028,3,3458,2,2281,8,2433,3,1556,1,3134,3,4766,2,1950,8,2518,8,2330,8,2605,2,2807,3,3592,2,3468,2,2975,3,5259,2
08.07.2021,11:37,m,21-30,iOS,mehrmals täglich,sehr sicher,0:02:49.430000,91,9,42,8,23,0:00:21.792000,2700,4,2032,2,2087,2,1933,2,1560,8,2584,3,922,5,959,2,4232,1,1506,1,2160,2,2266,1,2754,2,2235,1,2264,3,1945,3,1372,2,3001,8,1392,2,1403,3,1578,7,2114,1,1101,1,1199,8,1914,2,1155,1,1482,8,2415,8,1199,3,1094,3,2621,1,3099,3,1794,2,2088,2,1499,2,1494,8,2379,8,1292,3,1526,8,1539,2,2076,2,2094,8,1887,3,1439,1,1682,3,1366,3,1217,1,1576,3,1796,8,1548,8,1367,8,1382,2,1148,1,1699,4,2238,2,1174,1,1218,1,1571,8,1494,3,1788,8,1418,8,1246,2,1993,2,1249,3,2182,2,1866,3,1283,8,1566,4,1820,8,1566,1,2051,3,1299,1,1498,1,1332,4,1193,2,1371,3,1018,3,1958,8,1205,1,1193,8,1437,3,2478,3,1421,1,2082,3,1510,2,1572,2,2348,1,2016,8,1742,3,1233,3,1439,1,1176,1,1216,5,1497,2,1167,3,1065,3,1355,8,1594,3,1832,8,1204,8
08.07.2021,13:49,m,31-40,Android,mehrmals täglich,sehr sicher,0:03:08.206000,97,3,42,3,keine,0:01:09.741000,2337,2,2908,8,1156,2,2094,1,1651,2,3676,2,1964,8,2239,3,1575,3,1453,1,1446,1,1823,3,1410,3,1230,2,1405,3,1567,3,1788,8,1404,1,2350,2,2228,1,2491,2,1769,3,1350,2,2982,3,1429,1,1612,8,2084,3,1313,3,2609,8,1592,3,1451,1,1872,1,1677,3,1419,3,2514,8,1698,8,1569,8,1317,3,1456,3,2762,2,1572,1,1479,2,1725,2,1526,1,1449,3,1522,8,2084,8,1681,2,1496,1,1381,1,1608,3,1659,8,1604,3,1953,2,1894,8,2368,8,2272,3,1678,3,1429,2,1958,1,2240,2,2962,2,2198,3,2269,1,1632,8,1622,3,1587,3,1632,3,2153,8,2143,8,1645,8,1575,2,1543,8,1853,3,1548,2,1703,2,2043,8,2267,1,1282,8,1574,1,2653,1,1492,1,2066,2,1781,8,1649,8,1434,1,1431,2,2299,2,2141,2,2905,1,2566,3,1320,8,1814,8,1677,3,1840,3,1459,8,2065,8,3284,8,4139,3,1427,3
08.07.2021,14:36,f,21-30,Android,mehrmals täglich,sicher,0:03:23.141000,96,4,42,3,keine,0:00:32.962000,2472,1,2300,1,2158,3,1519,8,1400,1,1169,1,2526,8,1684,2,2960,8,1803,1,1965,2,1533,4,3164,8,1539,8,2484,1,1415,1,1796,8,1524,1,2195,3,3499,2,1299,2,2099,1,1965,3,2731,3,2082,8,1883,1,2650,1,3399,2,2235,3,2296,1,1634,2,2554,1,1621,8,2148,3,2522,1,1484,8,2147,1,2149,3,1421,8,2220,8,2400,8,2668,2,1763,2,3420,1,1572,1,1769,8,3100,1,1823,8,1449,2,2132,3,2213,3,1614,1,1801,3,1732,3,1898,3,1794,1,1755,3,2942,8,2034,2,2837,8,1784,8,1153,8,1876,8,1580,8,1837,3,1227,8,1465,3,2267,1,1798,3,2116,8,2150,2,2546,3,2086,2,1588,1,2658,8,1546,8,1613,2,2291,1,1766,1,1647,1,1700,3,3062,3,2764,1,1657,1,2121,2,2106,8,1734,2,2117,8,1631,8,1449,1,1520,8,1475,8,2118,8,2246,2,1823,1,1927,3,2263,2,2297,1,1516,8,2065,2
08.07.2021,15:09,f,51-60,Android,täglich,mittelmäßig,0:04:57.200000,100,0,42,3,keine,0:03:32.047000,2602,3,5134,3,3785,3,4315,8,2857,1,3133,8,3502,2,3241,2,2591,8,2369,3,2589,3,2020,2,2287,8,2381,8,4929,2,2072,3,1843,8,3762,3,3058,3,2237,1,2444,3,2388,8,3150,1,2142,8,2938,3,4387,3,2452,2,3769,2,2791,3,2673,3,2809,1,4325,3,3342,1,3604,8,3184,3,2312,2,2878,3,3096,8,2114,3,4274,1,2743,8,2463,2,2710,2,3560,2,2800,2,2390,1,3057,3,2642,3,2543,2,3972,2,2221,8,3367,1,3003,8,2908,3,3580,3,3549,3,2226,2,2622,2,2446,2,3070,1,3212,1,3762,8,2993,3,2751,3,5514,3,4108,8,2388,8,2244,8,2646,8,2684,8,2831,1,2580,8,3535,1,3040,3,2882,8,3192,8,2616,1,2413,3,2456,2,2670,2,2350,8,2510,3,4385,8,2849,8,2401,8,2102,3,2009,1,2247,1,3181,1,2489,3,3149,8,2487,3,2560,3,4267,2,3568,2,2805,8,3102,3,2875,3,2603,8,2585,2
08.07.2021,19:03,m,41-50,Android,mehrmals täglich,sehr sicher,0:04:19.947000,97,3,42,3,keine,0:00:42.727000,1588,1,1832,3,1878,8,1601,3,2209,3,3204,2,2791,1,1882,1,1825,1,1675,8,1820,8,2223,3,2204,3,1684,4,6757,1,3155,1,3055,1,1713,1,1949,1,3913,2,3853,1,1954,1,2973,3,4075,8,2389,3,2923,8,5963,3,2207,3,1786,1,1789,8,5973,1,2196,8,2369,2,3732,8,1883,3,2468,8,1865,8,2448,1,1766,1,2097,8,2634,3,3294,8,1953,8,2756,8,3951,8,1682,3,2006,8,1721,8,2292,8,2046,3,2388,3,1919,3,1825,8,4097,8,2439,8,2478,2,2213,1,3769,2,2066,8,2203,2,2705,1,3788,3,2382,8,1773,3,1938,8,2160,8,2517,2,4624,2,2506,8,6132,8,1538,1,3227,2,2100,2,2091,3,1836,8,5179,3,1459,3,1464,3,4096,3,4102,2,2072,1,1581,2,2659,2,1637,3,1719,2,1432,1,1598,8,2381,3,2478,2,3678,8,1873,4,8977,8,1568,1,1592,1,1783,8,2123,3,1779,1,1816,3,1491,3,2371,8
09.07.2021,12:54,m,41-50,Android,mehrmals täglich,sehr sicher,0:03:49.952000,97,3,42,3,keine,0:00:59.856000,5428,2,3413,3,2371,8,2278,3,1778,2,2291,8,1743,1,2735,3,3704,8,2714,8,2756,8,1783,8,2486,3,2372,1,2597,1,2028,2,4059,1,1879,2,1745,2,2347,2,2182,1,1584,1,1774,3,3511,8,2200,3,3316,3,1783,8,2858,3,2321,8,2440,1,2561,2,2759,1,1689,1,2532,3,2366,2,2302,1,2031,1,2049,2,3301,2,2656,3,3114,2,1629,2,1640,1,1500,1,1822,1,1999,1,2462,8,2221,2,2316,3,1914,8,2051,2,2176,1,1732,8,1884,8,2209,2,2377,2,2708,1,2563,1,1728,1,1951,2,2316,3,1823,3,1555,1,1696,1,1987,2,2640,1,3485,8,3025,8,1800,1,5480,2,1833,8,1466,4,3493,2,1531,1,2252,2,2432,2,2230,3,2034,2,3193,8,1837,3,2497,8,2156,3,1786,1,2441,3,1467,3,2020,8,1751,8,1785,8,2264,8,2017,8,1828,1,1634,8,1731,1,2262,1,1844,8,1726,8,2382,3,1812,3,1808,3,1751,3
09.07.2021,13:30,m,31-40,Android,mehrmals täglich,sicher,0:04:17.164000,98,2,42,3,keine,0:00:23.895000,1729,1,1869,4,1342,1,1593,2,4024,1,2527,1,3213,8,1841,3,3521,3,3115,8,4501,3,3449,1,5494,2,5409,8,4962,2,3402,8,2455,2,1797,3,2984,2,2438,8,2261,1,1793,1,2890,3,1853,1,4515,8,2697,1,1939,2,2427,3,2031,1,1939,3,2675,1,2537,2,2759,2,2087,2,1634,3,3938,8,2818,2,2578,1,2075,3,2084,2,2154,2,1534,3,2418,8,2613,2,2429,3,1594,3,2106,8,1881,1,3798,1,4276,2,2879,8,2229,2,1825,3,1480,2,1730,8,1769,3,4718,8,1838,2,2846,2,3230,2,4975,2,3585,8,1820,8,2934,3,2300,3,1737,3,2134,2,1658,3,1803,1,2270,3,1997,3,1824,4,8346,8,2963,8,2265,1,1575,2,2267,2,1841,8,1502,3,1615,1,1669,3,1522,3,6193,2,1888,1,1743,2,2557,1,1404,1,1563,2,3057,3,1734,1,2794,8,1371,1,3340,2,1656,3,1738,2,1398,3,1883,2,3662,3,1629,3,2037,8
09.07.2021,13:32,f,21-30,iOS,mehrmals täglich,sehr sicher,0:02:46.017000,99,1,42,3,keine,0:00:24.666000,2510,5,1915,2,2100,8,1949,8,1582,1,2230,2,2038,2,1849,8,1435,1,1682,2,1901,1,1865,3,1833,3,1417,2,2518,2,1583,1,2698,2,1699,8,2250,2,2316,1,1482,2,2434,2,1448,2,2668,8,2676,2,1741,8,1486,8,1964,8,1415,3,1301,3,1653,8,1280,8,1667,3,2300,2,1417,2,1233,3,1182,1,1667,2,1533,3,1349,3,1550,3,1817,8,1216,1,2301,3,1199,1,1549,1,1367,3,2653,2,1547,8,1384,8,1382,8,1533,2,1267,3,1432,1,2229,8,1787,1,1522,8,1264,1,1998,2,1969,8,1717,8,1199,3,1339,8,1375,8,1555,1,1279,1,2534,2,1431,1,1151,1,1048,1,1818,2,1716,3,1782,2,2400,8,1266,1,1270,8,1197,3,1483,1,1217,3,1250,8,1732,3,1651,1,1299,1,1134,1,1351,3,1266,3,1234,8,1482,3,2199,2,1267,8,1208,2,1758,2,1216,1,2001,1,2049,3,1300,1,1383,2,1400,1,1200,3,1600,3
09.07.2021,14:43,f,21-30,iOS,mehrmals täglich,sehr sicher,0:04:18.280000,97,3,42,3,keine,0:00:26.762000,3590,8,3651,8,1827,5,2772,2,6441,3,3143,3,2370,8,3492,1,3374,8,4247,8,3203,1,3823,2,2441,1,3022,3,3298,1,2382,2,2478,3,1654,1,2021,3,2383,3,2205,2,3357,2,2640,1,1770,1,5118,2,2423,8,2449,8,2830,3,4224,2,3134,7,2548,3,3642,3,2765,2,2681,1,2214,2,2225,2,3076,2,2223,1,1688,8,1849,1,2035,1,2908,2,2144,2,2790,3,3986,2,2105,1,1911,3,2506,2,2255,2,2448,3,2723,2,1788,8,2121,3,1820,8,1972,2,2279,1,1630,2,2078,1,1846,1,2479,2,2082,3,2489,2,4309,8,1877,3,1964,8,3258,1,2689,3,1941,8,2052,1,2012,8,3066,2,2629,3,2056,3,2538,3,2402,3,2502,1,2647,2,1813,8,1937,3,2028,8,1871,5,2254,8,3168,2,2145,2,2648,2,1811,1,2749,2,2112,2,1486,8,2205,3,2355,3,2700,8,3524,1,3431,1,1613,1,1978,1,2298,1,2606,8,2196,2,2321,2
09.07.2021,15:05,m,21-30,iOS,mehrmals täglich,sehr sicher,0:03:17.543000,87,13,42,3,keine,0:00:17.059000,1210,5,2401,3,1472,8,1444,3,2318,3,1315,8,3085,2,2404,4,1462,1,1966,8,2722,8,1912,3,1948,3,1385,1,2931,8,1337,3,2020,2,1382,1,1576,8,1969,2,2685,5,1757,3,3160,3,1704,3,1946,1,1131,1,1257,3,1266,1,4637,4,926,3,1454,3,2934,2,2702,2,1493,8,1262,5,2954,3,2491,2,1582,8,2651,8,2067,8,1517,2,1346,8,1353,1,1099,5,2212,3,2906,8,1493,1,1176,4,6699,2,2532,2,2034,8,1549,4,1652,8,3528,3,2735,1,1964,2,1722,4,1762,2,1304,3,3396,1,1387,2,2494,3,1479,8,1446,8,1676,3,2122,2,1633,3,1767,2,1416,5,1810,1,1589,1,1800,8,2596,1,1782,3,2188,2,2333,3,3162,8,1523,8,2078,2,1406,4,1427,2,1272,3,1670,8,2129,2,1433,3,1762,3,1283,2,1411,3,1273,1,1599,3,3459,3,1247,3,2365,8,1766,2,1861,1,2050,8,1660,8,2292,3,1381,3,2116,2
09.07.2021,16:37,f,21-30,Android,mehrmals täglich,sehr sicher,0:02:39.270000,99,1,42,3,keine,0:00:14.386000,2140,3,1522,1,1741,2,2334,1,1233,1,1658,8,1680,2,1734,8,2255,2,1457,1,1668,2,1542,8,1753,3,2064,8,1573,8,1672,3,1667,2,1703,1,1725,1,1219,1,1510,8,1453,8,2031,3,1824,2,1430,8,1898,3,1659,1,1510,2,1408,1,1662,2,1904,2,1283,2,1461,3,1695,3,1218,3,1368,8,1243,8,2376,2,1453,8,1416,8,1288,2,1353,3,2074,2,3392,1,1631,3,1477,3,1411,8,2062,1,1702,8,1517,8,1344,1,1460,1,1750,2,1560,8,1729,2,2008,8,1325,3,1302,3,1103,3,1213,2,1857,2,2379,8,1395,1,1406,3,1245,8,1343,1,1810,8,1065,2,1299,1,1245,2,1017,2,1238,3,1558,4,1917,3,3126,8,1875,8,1335,1,1535,1,1856,8,2006,1,1374,2,1564,8,1722,3,1281,8,1546,3,1327,1,1431,2,1506,1,1251,8,1589,3,1227,1,1189,1,1074,3,1320,2,1329,1,1374,1,1591,3,1417,1,1307,1,1443,1
09.07.2021,18:47,m,21-30,iOS,täglich,sehr sicher,0:03:51.888000,99,1,42,3,keine,0:02:14.993000,2971,2,2050,1,2200,1,2366,3,2084,8,2100,8,2384,2,2900,8,2464,1,4734,2,3051,2,2332,2,3219,1,3281,3,1870,1,1963,1,2037,8,1696,2,1984,3,2358,8,2192,1,1917,2,2153,1,2098,8,3700,8,4755,2,2795,4,4601,8,1863,1,1800,3,1884,3,2684,2,3449,8,2406,8,1732,3,2062,2,1900,2,1838,3,2280,3,2131,2,1588,3,2477,2,1553,1,1580,3,1388,2,1869,3,2682,1,1903,3,2187,2,2795,8,2177,8,4213,3,1757,3,2142,2,1952,3,1856,8,1841,1,1421,3,1816,2,2169,1,2049,3,1709,2,2226,1,2092,3,1702,2,3401,8,1367,2,3912,3,5251,3,7185,2,7436,2,1348,1,1863,3,1974,2,2728,2,2000,1,2207,2,1445,3,1535,3,1682,1,2066,8,1631,8,1688,2,1612,2,1405,3,2151,3,1579,2,1385,1,1185,3,1464,8,1718,2,2313,3,1517,1,2186,8,2248,2,2249,8,1236,3,2281,1,1067,1,2120,1
09.07.2021,20:51,f,21-30,iOS,mehrmals täglich,sehr sicher,0:03:47.106000,95,5,42,3,keine,0:00:40.394000,2679,2,2216,8,1720,2,1867,4,1950,2,2466,8,3017,8,2999,1,2300,8,1827,8,2201,8,1849,4,3500,3,1638,3,2325,3,2035,7,2889,8,2528,1,2689,8,2476,8,2323,8,1476,2,3683,4,2649,2,2039,8,2095,8,2055,2,2067,3,2044,2,2066,8,1622,3,1554,3,2056,1,1085,1,1704,3,1716,3,1662,3,2355,2,1983,1,2383,3,2633,3,1434,1,2510,3,1816,3,1307,3,2076,3,2055,3,1651,8,2116,8,2394,8,1822,3,1810,8,2833,1,2183,2,3017,1,2316,3,1768,3,2038,3,1816,2,2467,1,2600,2,1716,2,5527,2,1885,8,2537,3,1995,2,1970,3,2450,8,2067,3,2216,8,1727,2,2089,1,1700,3,2561,1,2755,2,2150,8,2979,1,2833,3,3648,2,3449,2,2451,1,2437,1,2267,1,4617,2,2282,2,2312,3,2988,8,3427,2,1974,3,1876,1,2855,1,2018,8,2893,3,2089,1,1467,3,1527,8,1840,8,1832,1,1300,1,1933,2
09.07.2021,20:58,m,21-30,iOS,mehrmals täglich,sehr sicher,0:03:03.490000,99,1,42,3,keine,0:01:04.748000,1499,3,2228,3,2004,8,2362,8,1821,8,1712,8,1454,1,1296,8,1565,3,2050,1,1432,1,1389,1,2044,8,1933,2,1721,1,1351,4,2617,1,2162,1,3088,2,2400,8,2145,2,2549,8,2266,8,1700,2,1682,2,1839,1,1500,1,1734,3,2627,8,1700,2,1516,3,2117,3,1687,1,1901,8,2310,8,2001,8,1587,1,1495,1,1351,8,1903,8,1827,8,2240,2,1649,1,1444,1,1955,2,1462,3,1715,3,1304,1,1728,1,1923,3,1333,1,2027,1,2369,2,2304,3,2283,2,1883,3,1965,8,1630,3,1638,1,1433,3,1543,8,1584,3,3320,8,1784,3,1311,8,1621,8,1504,1,2098,8,2448,2,1878,2,1655,3,1416,1,1629,8,1485,8,1603,8,1667,1,1816,1,2278,2,1517,2,1498,8,1484,1,1404,1,1613,1,2722,8,2583,1,1943,8,1839,8,1244,1,1899,3,1401,2,1421,3,1817,8,1697,1,1459,8,2753,2,1533,3,3035,2,1265,1,1584,3,1271,8
09.07.2021,21:01,m,21-30,Android,mehrmals täglich,sehr sicher,0:03:37.003000,96,4,42,3,keine,0:01:00.602000,3005,2,2874,1,3643,8,3109,2,2687,2,2149,8,1627,1,3210,8,2841,1,2682,8,2790,7,3793,1,1800,1,1656,1,1308,1,3117,2,1690,8,2515,3,1717,8,2047,2,1615,3,1714,3,1779,1,2920,2,1409,2,1517,3,1725,8,2205,2,1482,8,1754,8,1657,7,3041,8,1276,8,2737,8,1345,1,4361,3,1800,3,2954,1,4232,7,2879,8,1853,4,3859,1,1177,1,2148,3,2231,3,2019,1,2372,8,3082,2,3104,8,1589,3,1783,2,1818,2,1907,8,2257,3,1778,2,3695,1,1527,8,2163,2,1695,1,1348,8,2118,3,1876,8,1940,2,1446,8,1599,3,1766,8,2207,1,2049,3,2746,3,3397,8,1791,2,1669,3,2154,2,1810,2,1975,3,1347,3,1871,3,1633,3,1644,3,2348,8,1338,8,1718,8,2618,1,1565,8,1590,2,1683,1,2609,1,1427,2,2090,1,2146,3,1598,1,2003,8,2308,8,2378,2,1838,1,2070,3,2063,1,2340,3,1417,1,2463,2
10.07.2021,00:11,f,31-40,Android,mehrmals täglich,mittelmäßig,0:05:29.027000,92,8,42,3,keine,0:00:32.386000,1899,4,5038,4,3859,3,3608,3,4199,1,3050,1,3965,2,5715,8,2323,3,3378,2,2308,8,2981,8,3143,3,3077,1,2558,5,2467,8,1910,1,4036,8,2361,1,2345,3,2702,8,2247,2,2945,3,3834,2,1235,1,2956,1,3683,8,3241,1,3570,3,2228,8,3692,1,3375,8,3167,3,2828,1,4186,3,4525,8,8058,2,1307,8,1568,1,2633,8,2949,2,1682,4,4775,8,1590,1,1572,5,3727,3,5766,1,2475,8,4136,8,3030,8,1795,5,4794,2,4806,2,2041,3,6367,8,2687,2,2204,2,5495,8,2023,2,4663,2,2534,3,2868,3,3566,2,3309,1,2366,8,1598,1,5792,2,2733,2,1881,3,3039,2,2099,3,2995,2,2532,3,2832,2,3133,1,3620,3,3197,1,2328,2,1772,1,2242,8,7619,8,5396,1,4004,8,4001,3,4102,7,6652,8,1614,3,3752,3,2346,1,6511,2,4190,3,2631,3,2868,8,2541,8,2017,3,3166,1,3168,2,2041,1,4393,2,2283,7
10.07.2021,00:21,m,unter 11,Android,täglich,mittelmäßig,0:03:01.769000,79,21,42,3,keine,0:00:27.918000,5187,8,4296,8,2398,1,1843,1,2710,8,2514,1,2304,3,2770,1,3148,2,2581,1,2512,8,5239,8,2273,1,3936,2,5589,3,2103,3,4394,2,4367,1,2781,1,2991,3,1949,2,3061,2,3688,2,2655,3,2109,1,2046,1,2628,8,3404,1,3029,8,2217,8,2679,3,3374,8,2017,8,2492,1,1726,8,1696,1,4004,8,1585,1,2474,1,1543,5,3445,3,2647,4,5189,2,1823,1,2656,1,6444,2,2876,3,3941,8,3073,3,2286,2,2885,5,3064,1,2300,1,2091,8,2265,8,1678,3,2157,2,2016,4,1526,8,360,2,282,8,224,1,249,1,239,8,259,2,268,7,273,4,249,8,284,4,282,1,290,2,256,4,277,8,269,5,270,2,248,5,268,1,225,2,248,2,253,3,251,5,261,2,269,5,236,8,268,8,234,5,272,8,298,3,257,8,284,5,240,4,275,3,258,3,258,5,265,2,279,8,255,5,260,5,264,2,269,1
10.07.2021,07:04,m,21-30,Android,mehrmals täglich,sehr sicher,0:03:57.551000,98,2,42,3,keine,0:00:21.683000,2952,1,2706,1,2173,2,3961,3,2893,8,2520,1,2566,3,2505,1,2885,8,2651,1,3569,2,2608,1,2220,1,2335,2,2922,2,2569,8,3251,2,1844,8,2133,8,2146,1,2866,3,1652,1,1976,3,2486,1,1799,8,2472,2,2238,3,1724,8,2073,2,1901,3,2516,2,2869,3,1700,3,3086,3,1971,1,1638,2,1567,2,2037,8,2403,8,2074,3,1581,2,3318,1,2216,2,4062,1,1590,1,2118,3,2005,2,1787,8,1906,8,1736,2,2236,2,2498,2,3306,1,2303,3,2223,2,2371,8,2079,8,4654,1,1814,3,4105,2,2469,1,2399,8,1696,8,1872,8,1836,8,2383,3,2153,2,2231,1,3078,2,1899,1,3647,1,1737,2,1655,1,1814,2,1672,3,1718,3,2152,1,2042,8,1716,8,1667,1,1624,8,2515,1,2562,8,2353,3,2029,3,2471,3,1639,8,6880,3,1716,2,1793,4,2000,1,1855,1,1841,2,1788,1,3873,8,2398,1,2106,2,2319,2,2777,1,2573,3
10.07.2021,09:46,m,21-30,Android,mehrmals täglich,sehr sicher,0:04:05.702000,99,1,42,3,keine,0:01:29.486000,3370,1,2782,8,3015,8,2826,8,3038,2,4825,1,5177,3,2426,8,2138,1,2480,8,2295,8,2503,2,2836,3,3024,2,3092,8,2295,1,2109,1,2218,3,1885,1,2951,8,1747,2,3269,8,2010,8,2358,1,2275,8,5381,4,4601,3,3830,8,2077,3,4137,8,3523,2,2575,1,2741,3,1924,3,1729,3,2356,8,2369,3,1598,2,2148,1,3733,8,2397,3,3419,2,1652,3,3030,8,2399,3,1732,2,1849,2,2037,3,3620,1,2990,2,1634,1,2290,2,1988,1,2041,8,2621,2,1937,2,2871,2,1738,3,1824,2,1737,2,2146,3,1654,1,2331,3,2428,3,2317,3,2697,2,2555,1,2233,8,2428,8,2249,3,2042,3,3071,1,2278,1,2102,2,2066,3,2287,2,3410,3,2180,3,1971,2,1427,3,1858,2,2393,2,1876,3,1687,3,2931,8,1964,8,1674,1,2602,8,2152,8,1841,2,2089,8,2402,3,1972,1,1836,1,1823,3,2057,2,1681,3,1590,8,1796,3,2074,3
10.07.2021,11:13,m,21-30,iOS,mehrmals täglich,sehr sicher,0:03:43.045000,93,7,42,3,keine,0:00:27.383000,1721,4,3668,3,3089,2,2436,3,3090,3,2299,8,4960,2,3235,8,1615,3,1931,2,3464,3,2663,3,1614,3,2190,3,2714,3,1821,1,1898,8,2289,2,2912,3,1847,4,6908,8,7525,8,1639,1,1872,3,1607,1,1546,8,2165,8,1625,8,2669,1,1109,1,1469,3,2297,2,2089,3,1423,8,1492,1,1897,8,1770,2,2015,1,2289,4,2205,1,2995,8,1675,1,2678,3,1632,2,2180,1,4416,2,3612,8,1525,8,1564,1,1488,1,1374,2,1664,2,1289,1,1929,4,3246,8,2313,2,1915,3,1640,3,2454,2,1416,3,2672,2,1896,8,1449,2,1738,3,1391,2,1431,2,2081,2,2165,1,1587,1,2879,2,1514,3,2524,8,1415,1,2203,3,3489,3,1721,2,1375,1,1215,8,3047,4,1337,8,1302,3,1577,1,1299,1,1679,1,3305,1,2931,2,1936,2,3680,8,2246,7,1780,2,1398,2,1993,3,1747,3,1571,8,1310,5,2923,1,3516,8,1440,1,2794,3,1399,8
10.07.2021,20:54,m,31-40,Android,mehrmals täglich,sehr sicher,0:04:54.810000,97,3,keine,3,keine,0:00:41.331000,3969,2,5535,2,4314,5,3749,8,5759,8,3733,3,7091,8,7432,1,3072,1,8331,8,2865,1,2088,8,6293,2,3131,8,2173,3,4625,2,2631,2,2572,3,6044,2,1705,2,2344,1,2374,8,2330,3,2820,1,1596,1,2439,3,5647,2,3811,8,1815,3,2187,3,3366,8,2490,2,2961,2,1834,1,1831,8,1766,1,2715,8,4222,8,2663,2,2718,1,3199,3,1602,2,6332,8,2329,3,2693,1,1661,1,2365,1,3718,8,1686,2,1888,2,1828,3,1939,2,2646,8,2731,1,2210,3,1516,1,2867,3,2116,3,3292,8,5435,8,1876,8,2509,1,1693,1,1579,1,2167,1,2455,2,3212,2,2069,1,2720,2,2174,3,1853,3,1601,1,1641,8,2020,1,1553,1,1818,3,3238,3,2861,2,2686,2,3408,8,1602,2,2485,1,2267,2,2182,8,1940,3,2190,5,3232,1,5442,2,1257,5,5770,8,3802,8,1685,1,1659,8,2045,1,1829,2,2083,2,3798,3,2403,3,3512,2,2955,3
11.07.2021,13:22,f,21-30,Android,mehrmals täglich,sicher,0:03:16.643000,96,4,42,3,keine,0:00:20.290000,1939,8,4024,8,2317,8,1776,2,3687,2,1563,1,1790,1,2383,2,1418,2,2009,8,3237,8,1915,3,1729,1,2973,2,2061,3,1423,3,2696,2,1219,1,3229,3,1582,1,3760,3,1770,2,1630,1,1980,2,1544,3,1512,1,1770,8,2082,1,2299,8,1658,2,2902,3,1842,1,1935,3,1926,8,1897,8,1989,3,2177,8,1525,2,2066,3,1933,3,1761,8,2953,1,2533,3,1304,1,1735,8,1619,1,1484,1,2407,8,1885,1,1174,2,1462,1,2019,8,1776,3,2611,1,1571,8,1524,1,3631,3,2876,8,1482,1,2106,1,2835,3,2490,2,2349,2,2476,2,2198,2,1495,1,1282,8,1472,1,1825,8,2301,2,1832,1,1778,1,1723,2,1742,3,1633,1,1756,4,1674,8,2093,1,2037,2,1587,1,1353,8,1598,2,2453,3,1449,1,2099,2,1755,2,2235,3,2080,2,1396,2,1503,3,1193,8,1507,2,1543,2,1622,1,1412,2,1537,2,1843,1,1501,2,1304,1,1428,3
11.07.2021,13:22,m,21-30,Android,mehrmals täglich,sehr sicher,0:03:02.626000,91,9,keine,keine,keine,0:00:55.225000,1974,1,1580,5,2751,8,2009,8,2513,8,1463,5,139,7,1945,8,1771,2,5237,3,1432,1,2234,3,1545,3,1840,2,2500,8,1443,1,1574,5,1741,2,1374,1,2037,2,1541,5,1660,2,1174,8,2182,4,1996,1,2253,1,1525,1,1385,1,1775,8,1945,2,1900,2,1384,1,3922,3,3039,2,1495,1,1859,2,2174,8,2283,1,1961,2,3235,2,1319,1,1773,1,1567,5,1695,3,1553,2,1355,4,2364,8,1728,8,1856,8,1764,8,2521,2,1579,8,1593,3,1512,1,1756,3,1558,2,1622,8,1535,1,1479,4,1943,1,1895,3,2359,3,2031,3,1842,8,1595,2,1864,2,2625,2,3378,2,1643,1,875,1,1635,3,1852,8,2283,2,1301,2,1417,8,1806,3,1557,1,1540,3,1837,2,1668,1,1488,1,1264,2,1520,3,1472,8,1410,3,1666,3,1536,2,1478,1,1413,8,1503,8,1823,2,2003,3,1592,1,2049,1,1477,2,1381,2,1424,3,1366,2,1861,3,1619,1
11.07.2021,13:23,f,11-20,iOS,mehrmals täglich,sehr sicher,0:02:39.731000,93,7,42,3,keine,0:00:13.010000,1252,8,1360,4,1920,7,1641,1,1432,8,1860,8,3401,8,1607,2,2453,2,2959,2,2386,1,1725,3,2365,8,1571,1,1184,1,2077,2,1583,1,1923,3,1659,8,1643,3,1465,8,1845,3,1523,3,1309,1,2084,1,1484,1,1441,1,1300,8,1581,8,1816,8,1301,1,1341,2,1418,3,1326,3,1640,5,1568,2,1294,1,1740,8,1034,3,1552,3,1851,2,978,1,1758,2,1611,2,1332,8,2201,8,1591,2,1868,3,1381,1,1427,2,1257,1,1327,1,1216,8,1419,8,2367,2,1335,1,1442,8,1615,2,1745,1,1208,8,1467,1,1327,2,1701,8,1749,3,1933,1,1385,8,1257,1,1185,1,1243,2,1790,8,1610,2,1402,3,1249,3,1284,2,2268,2,1883,8,1675,1,1133,8,1501,3,1463,1,1424,3,1085,3,1363,8,1238,3,1352,1,1498,1,1477,1,1675,3,1431,8,1975,2,1849,3,2126,8,1358,2,1482,3,1544,2,1518,8,1375,7,1350,4,1767,3,1326,4
11.07.2021,13:23,f,41-50,iOS,mehrmals täglich,sicher,0:02:55.855000,98,2,42,3,keine,0:00:17.481000,2495,8,2683,2,1882,1,2240,2,2082,3,3317,8,2177,3,2899,3,2283,8,2355,2,1619,3,1782,3,2051,3,1999,2,1693,8,1540,2,1710,2,1857,2,2359,3,1490,1,1742,2,2483,3,2100,8,1699,2,2622,8,1810,8,2233,1,1400,3,1173,1,1710,1,2434,8,1605,8,2493,2,1573,1,1343,1,1524,3,1547,1,2030,3,1457,1,1381,3,1450,1,1648,3,1378,3,1705,1,1460,3,2173,8,1599,2,1766,3,1736,3,1531,3,1632,2,1562,2,1598,3,1553,3,1897,1,1791,8,1768,2,1729,2,1485,3,1759,1,1917,2,1890,8,1509,1,1839,2,1543,2,1985,2,1490,1,1281,1,2048,1,1679,8,1440,3,1626,1,2298,8,1473,2,1395,2,1788,8,1526,2,1771,3,1335,3,1800,1,1383,8,1593,1,1600,2,1557,8,1676,3,1783,8,1524,2,1392,8,1401,8,1354,8,1615,2,1398,8,1421,2,1561,5,1265,2,1541,1,1849,8,1429,3,1403,3,1368,3
11.07.2021,13:25,f,11-20,Android,mehrmals täglich,mittelmäßig,0:03:23.324000,94,6,42,3,keine,0:00:20.577000,2229,2,4695,2,2606,3,2472,8,2490,8,1824,1,2769,2,3498,3,1671,1,3749,8,1751,2,1315,2,1256,1,1887,2,1587,8,1373,8,2571,8,1936,3,2344,5,3056,3,2532,8,1418,8,1487,1,1774,2,1927,3,1614,2,1912,8,2176,3,1305,1,2300,3,1517,1,2213,3,2113,1,2036,2,1782,3,4116,8,1998,2,1417,3,1292,1,1252,1,3167,2,2420,3,1995,2,1500,8,3354,1,2235,3,2089,8,1542,3,2469,3,1283,3,1589,3,2106,8,1517,2,2350,8,1674,1,1714,2,2527,8,1466,3,1277,2,1671,3,1118,2,1063,5,3891,2,2185,2,1148,1,1276,3,1298,8,2525,3,1208,3,1316,8,1952,1,1417,3,1951,2,1619,3,2072,2,1216,1,2400,3,2915,4,1696,2,1183,1,2190,1,1078,2,1204,3,1436,2,1355,2,1129,8,1155,5,7842,8,1778,3,1012,1,2117,3,1537,8,2715,8,2321,2,2246,8,1427,3,1515,3,1921,8,1898,3,4553,8
11.07.2021,13:31,m,21-30,Android,mehrmals täglich,sehr sicher,0:03:30.734000,95,5,"42 (richtig erkennen kann ich nur die 2, rot-grün Farbenblind :D)",3(?),keine,0:02:28.417000,3944,3,2684,1,2386,1,1726,8,2975,3,1384,8,2027,1,1728,8,2063,8,3207,8,1984,2,1960,2,1758,1,1807,4,7791,2,2074,1,1653,8,2015,2,1591,3,1649,8,1745,2,2486,2,1533,3,1834,1,1617,3,2360,2,1443,2,2254,3,1880,1,1874,8,2112,8,1846,3,2103,2,1408,3,1622,3,1882,1,1361,8,2463,3,1801,2,1972,8,1576,3,1687,3,1349,2,1626,2,1269,1,2159,8,2606,3,1544,8,1394,8,1776,2,1128,4,5565,8,2632,3,3018,4,4570,8,5129,3,1971,3,1492,2,1555,1,1480,1,1484,2,1695,1,4069,4,1888,3,1972,1,1537,3,2224,2,2660,8,1535,2,2359,2,1587,2,5451,1,1561,5,1624,2,1317,8,1220,1,1780,2,2050,3,1538,3,1452,1,1724,1,1572,1,1707,1,2372,3,1928,8,1373,8,1783,1,2144,2,1424,1,1561,8,1423,1,2459,2,1761,3,1675,1,1971,2,3574,3,1671,2,1791,3,1704,1,2316,3
11.07.2021,13:33,f,21-30,Android,mehrmals täglich,sicher,0:03:16.150000,97,3,42,3,keine,0:00:48.315000,2210,2,2269,2,2174,1,1843,2,2267,1,1770,1,2018,8,1543,1,2597,3,1570,8,2086,3,1992,8,1775,1,1747,1,1392,8,1849,1,1730,2,1715,8,1917,8,1752,3,1696,1,5597,1,1614,2,1442,3,1457,2,1651,1,1645,1,1432,1,1854,2,1903,8,2006,8,2238,3,2099,3,1658,3,1902,4,2153,3,1949,3,1738,8,1685,8,1610,3,2519,8,1736,3,1570,1,1820,1,2029,8,1387,3,1438,3,2524,8,1850,8,1978,2,2122,1,2026,3,1484,1,2067,2,1806,1,1469,1,2449,2,1730,8,1692,3,1616,2,1645,8,2313,4,2022,8,2394,8,1908,3,1495,4,3459,1,2865,1,3927,8,1541,8,2016,2,2001,2,2811,3,1630,3,1970,1,1966,2,1689,2,1720,3,1904,1,1916,3,2953,3,1643,2,1911,2,1554,2,1737,3,1411,3,2105,1,1406,8,2163,3,1906,8,1741,2,1645,8,2256,1,1709,2,1769,8,1733,1,1508,1,1732,2,2313,8,2792,2
11.07.2021,13:33,m,21-30,Android,mehrmals täglich,sehr sicher,0:03:13.778000,99,1,42,3,keine,0:00:33.979000,1865,8,2741,3,3415,8,2700,3,1609,8,2687,3,2589,2,3305,2,1917,2,1899,3,2742,3,1547,1,1987,3,1466,1,1671,2,2023,2,2017,1,1609,2,1473,2,1600,2,2735,1,2141,8,2217,2,1891,8,1752,2,2836,2,2139,1,2130,2,1760,8,1608,2,1865,3,1820,2,1635,1,1425,2,1523,5,3722,1,2824,8,1328,8,1705,3,2054,3,3046,3,1720,8,1827,1,1683,2,2002,3,1818,3,1682,8,1563,2,1384,1,2060,2,1686,1,1573,2,1510,8,2739,2,1738,3,2142,1,1734,8,2057,1,1469,8,1762,3,1958,1,1390,1,1601,3,1643,3,1663,3,2263,8,1748,2,1845,8,1661,3,1507,8,1683,2,2557,8,2192,1,1705,2,1931,8,2286,2,1445,1,1830,1,1551,3,2047,8,1915,1,1612,3,1446,1,1498,3,1403,1,2138,3,1638,1,1921,3,2135,2,1547,2,1626,3,2316,8,1572,8,3276,3,1621,3,1592,1,1566,2,1786,8,1762,8,1598,3
11.07.2021,14:03,m,21-30,Android,mehrmals täglich,sehr sicher,0:04:53.575000,97,3,42,3,keine,0:00:42.468000,2021,1,3966,2,6992,3,2426,2,1895,3,1876,2,2750,3,3458,8,2098,2,2333,1,2429,1,2820,3,1854,3,5189,2,2316,2,1629,2,2614,3,1564,3,1789,8,1846,1,5436,1,2230,2,3843,3,1654,8,5190,3,1805,2,4150,1,2163,1,2608,3,1634,3,1938,2,1850,2,2139,8,1922,8,4511,3,1801,1,2342,8,1941,8,4000,8,2864,8,3680,3,2024,4,15653,2,2459,8,1532,2,2043,1,1283,8,2631,8,1693,2,1817,3,3074,8,2454,2,1809,3,1988,1,5955,2,3013,3,1880,3,1610,1,3642,8,9735,3,2124,2,5312,3,2556,1,1442,3,3090,2,2595,8,1513,3,2215,2,1766,1,1871,1,1915,2,1694,1,2652,2,2470,1,1563,1,1558,1,2494,3,2694,1,3523,8,2228,2,3859,3,5633,2,3413,2,6604,4,4381,1,3824,8,4098,1,3532,8,2250,2,2147,3,2063,1,3514,1,1868,1,1736,1,1883,2,2134,2,2216,2,1384,1,1909,2,7477,8
11.07.2021,14:03,f,21-30,Android,mehrmals täglich,sicher,0:03:43.935000,91,9,42,3,478,0:05:47.800000,1806,4,1798,8,1659,3,1731,8,1976,2,2508,8,2567,2,1500,3,1951,8,1614,3,1783,8,1733,3,2171,8,2321,3,1212,3,1482,1,2314,4,2627,2,2458,2,1549,8,4963,8,1967,3,1794,3,1262,5,9550,8,1858,2,1459,3,1320,3,3204,8,1433,1,1571,2,2385,8,2233,3,1466,3,1407,3,2993,2,1234,1,1416,3,1670,8,1196,2,1441,2,1540,3,2082,1,2602,2,1484,3,2070,8,2299,1,6364,8,2080,3,1311,1,1442,2,1234,1,1699,2,1716,1,1836,1,2862,1,5276,8,5486,2,4364,4,2139,3,3342,3,3701,2,2588,2,1627,8,1293,4,1899,1,1466,8,1923,3,1960,2,1425,3,1494,8,1856,3,2545,8,1571,2,1584,4,3049,1,2391,1,4366,2,2852,1,1455,2,1873,1,2231,3,1483,3,1673,2,1585,3,2977,8,1605,3,2984,1,1691,8,1504,1,4242,2,1376,4,1743,8,1443,1,5427,3,2375,1,1309,1,1799,3,1544,1,1833,8
11.07.2021,14:14,m,21-30,iOS,mehrmals täglich,sehr sicher,0:03:13.600000,90,10,42,3,25,0:00:46.327000,1765,5,2614,2,1626,3,1455,2,8202,2,4217,8,3429,1,2205,1,2425,8,2632,8,1392,1,3099,8,3666,8,1150,1,2233,2,3869,2,2264,8,1617,1,1433,1,2232,5,2367,1,1301,2,4347,5,2298,1,1287,1,1300,2,1359,1,1390,1,1601,8,1527,3,1731,1,1557,3,2083,4,316,3,4052,8,1777,8,1435,1,1287,8,2042,3,1958,2,2366,2,2167,1,2082,3,1995,3,1400,1,1699,3,4048,2,2866,2,1808,1,1895,4,1972,1,2068,2,1598,2,1426,2,1305,3,1302,8,1175,8,1868,2,1621,8,1380,1,1422,3,1508,2,1575,2,1449,3,2417,8,1433,1,1692,8,1303,8,1321,1,1266,1,1429,3,1430,1,1402,5,2680,8,1384,2,1499,2,3017,8,1676,2,2361,2,2119,1,1643,1,1607,8,1843,2,1450,1,2241,8,1465,1,1642,1,1249,2,1224,1,1302,1,1484,1,1497,2,1484,8,1743,5,254,7,3046,8,1466,2,1153,1,1364,8,1466,3
11.07.2021,14:15,m,31-40,iOS,mehrmals täglich,sehr sicher,0:04:41.565000,98,2,42,3,keine,0:00:21.721000,3663,3,3198,2,2635,1,4215,2,3633,1,2650,8,3432,2,3301,8,2881,8,3485,8,2534,8,4818,3,3133,1,2399,3,1783,3,2900,2,1767,2,1970,8,3014,8,2400,1,2566,2,2835,2,3067,8,2366,2,2802,8,3265,3,3201,8,2417,1,3284,1,1665,1,5034,3,2249,2,4318,2,2883,2,1784,2,2533,8,3319,2,3499,1,3634,3,2265,1,1683,3,1749,1,1667,3,3118,2,2949,1,2751,2,2549,2,1800,2,4150,2,2599,1,3150,3,3551,2,2850,1,3618,8,4967,8,2417,1,2561,2,3192,3,3130,2,4051,2,2915,3,2667,1,2733,3,2401,1,3067,3,2534,3,1967,2,2684,1,2367,2,1767,2,4833,3,3600,3,2033,3,1985,8,3183,1,1868,3,2483,1,2466,1,1933,2,2822,2,2680,2,1950,1,2583,3,2650,2,2582,8,2019,8,1882,3,2867,8,2834,2,2317,1,2150,1,2068,3,2748,1,2619,3,3249,3,1967,8,2901,3,2582,3,2834,8,4451,8
11.07.2021,14:19,m,21-30,iOS,mehrmals täglich,sehr sicher,0:03:16.045000,97,3,42,3,keine,0:01:13.122000,2080,3,2108,2,2125,1,1314,4,3773,8,2523,3,3627,2,2246,2,1768,2,2324,1,1482,3,1981,2,2949,8,2592,2,2316,3,1696,1,1671,2,2268,3,2502,1,1379,8,2001,8,4858,3,1900,3,2102,8,1686,8,1618,3,2619,2,3691,8,1457,2,2170,3,1414,1,1770,5,1448,8,1901,3,1635,2,1988,1,1914,1,1287,1,1398,2,1326,3,1175,2,1467,3,2408,3,1894,1,1382,8,1646,2,1291,2,1566,2,1268,2,2134,2,2101,8,1400,1,1668,3,1418,1,3218,3,1515,8,1252,1,3641,3,2221,3,1500,1,1373,8,1487,2,114,2,2730,8,1693,3,2763,1,1597,2,3475,2,2517,2,1693,2,1307,8,1778,1,1475,8,1601,8,1777,8,1940,8,3211,2,1577,1,1335,1,1278,5,3507,1,1758,3,1493,8,3131,2,1519,3,1736,3,1565,3,3079,3,1641,3,2252,3,1617,1,1534,3,1499,8,1800,3,1653,1,1815,3,1879,2,1665,8,1671,2,1424,8
11.07.2021,14:24,f,21-30,Android,mehrmals täglich,sicher,0:04:16.318000,96,4,42,3,keine,0:00:35.397000,1847,1,2499,4,3598,8,2212,8,3675,3,2022,3,2228,2,2183,1,1817,1,2524,8,1985,8,7860,2,2158,2,2868,5,4053,8,1903,8,1914,2,2436,1,2016,3,1964,2,2755,8,1922,8,2070,2,1847,2,3915,8,5733,2,5226,3,2303,3,1769,2,1759,1,1660,1,3859,3,4145,3,1732,8,1835,3,2264,2,2327,2,2241,8,1638,3,2208,3,3980,1,3257,3,1522,1,2914,3,6530,2,1451,1,1687,1,1334,1,3832,2,2000,4,3063,2,1984,2,2054,8,2643,3,1990,8,2680,3,1822,8,2493,2,2944,8,1573,8,2064,3,6775,8,1785,3,2005,1,2053,1,2511,2,2558,3,2011,3,2145,1,1541,1,1757,3,2564,2,1939,3,1826,3,1708,1,1582,8,1830,1,1966,2,3522,2,2059,8,3009,3,5404,8,2108,2,2961,2,2268,8,2258,8,2458,8,2852,3,1676,8,3202,3,1608,3,2015,1,2921,3,4013,8,1387,1,1538,1,2756,2,2264,3,1815,1,2577,1
11.07.2021,14:38,f,21-30,Android,mehrmals täglich,sehr sicher,0:03:47.961000,95,5,42,3,keine,0:00:26.531000,3667,3,3980,2,3447,1,1755,1,1707,3,2112,2,2365,3,2498,2,2905,3,1448,3,2230,3,1382,3,2127,8,2352,3,1038,1,1074,1,2083,8,3525,8,2479,2,1571,7,1810,8,1594,1,2813,2,2340,8,2497,2,1628,3,2013,8,1469,1,1979,2,1962,2,1900,2,1293,8,1549,3,1531,7,3830,3,1352,1,2532,3,1765,8,1666,4,1439,1,2865,2,1498,8,1581,1,2080,8,1617,1,1644,2,1629,8,1281,8,1232,8,2833,3,2377,1,2138,8,3438,1,1304,2,2417,3,3626,3,2919,4,7392,2,2858,3,1345,3,6610,3,974,3,1493,8,1380,8,2319,8,1535,5,4808,8,2173,2,2018,8,1877,2,1802,3,1903,3,1805,8,1167,8,1767,2,1449,3,2893,1,2424,1,1095,1,2063,1,4045,3,1789,3,1721,2,2212,3,1551,2,3594,3,2823,8,3362,8,4314,8,3857,1,2276,3,3169,2,1647,1,1415,8,1318,8,2292,3,2100,1,1729,2,2400,8,3811,8
11.07.2021,14:55,m,21-30,Android,mehrmals täglich,sehr sicher,0:03:59.434000,94,6,4,keine,21,0:01:10.512000,2522,1,2437,2,3882,3,5934,2,3188,1,3264,8,1844,1,3636,3,1542,3,2303,8,2379,2,3743,2,2663,2,2802,3,3338,1,2318,2,1491,2,2719,8,2870,3,1416,3,3629,2,3015,8,2607,1,2596,2,2083,8,1753,5,2749,7,2646,3,3262,3,1432,2,1725,2,3421,3,1750,2,1383,1,1303,2,1600,1,1845,8,2657,1,1821,1,1337,1,4104,8,1473,1,1540,2,1914,1,1329,4,1633,2,1402,1,1875,1,2623,2,2126,8,2908,8,3232,8,1203,8,6666,2,2342,5,1941,1,3165,1,1972,8,1992,8,2058,1,2302,8,2013,1,1983,3,1774,1,2179,1,1590,1,4040,8,2382,8,2118,2,1654,3,1565,3,1514,1,3146,8,1653,2,1772,8,1884,3,1262,3,1192,2,4550,1,2046,2,1763,1,2263,7,2373,1,1410,3,4263,2,1719,1,1987,2,1587,3,1847,2,3439,2,2011,2,2199,5,1869,2,3577,3,1760,1,3677,2,2278,1,2537,2,4262,8,1514,2
11.07.2021,15:04,f,21-30,Android,mehrmals täglich,sehr sicher,0:04:12.189000,98,2,42,3,keine,0:02:05.943000,3330,2,2890,1,3533,8,2057,2,1727,1,2213,8,6324,2,3047,2,2344,2,2035,2,2450,3,2031,1,2518,2,3562,3,2898,1,2674,1,2047,1,2303,2,4808,3,2450,8,2530,1,2609,2,2456,8,2721,3,2599,3,2801,3,1996,2,2314,1,1974,8,2827,2,2462,8,2476,1,2449,4,4595,1,2230,3,2502,3,1699,2,2330,8,1980,8,2594,3,5359,1,2505,8,1676,8,2033,1,3442,3,2256,3,2438,8,2222,2,2058,3,2661,3,3540,1,3708,1,2221,3,2207,3,1719,2,1680,8,2450,8,1867,2,2847,3,1927,1,1750,1,1863,3,1778,1,1940,2,1796,8,2843,8,1539,2,1498,2,1987,3,2019,8,1715,2,1735,1,1661,8,1490,2,2577,1,1713,2,2296,1,1748,8,2607,2,2450,3,2004,2,6164,3,2496,3,3259,8,2527,8,2232,1,2235,3,4693,8,2174,3,1955,1,2205,8,1944,2,2120,1,1860,5,5273,1,2908,2,2020,2,2331,8,2122,3,2377,1
11.07.2021,15:18,m,11-20,Android,mehrmals täglich,sehr sicher,0:03:23.297000,93,7,42,3,keine,0:01:10.886000,1879,3,2213,2,2255,3,2021,2,2126,3,2031,8,1884,3,1961,8,1960,3,1522,3,1875,8,1866,3,1883,3,1938,8,1553,8,1585,2,1460,3,1364,5,3438,1,2233,8,1533,3,2465,8,1464,8,2082,8,1675,3,1116,1,2115,2,1960,1,1220,1,1161,8,1033,8,1192,8,1513,2,2009,3,1416,4,3560,8,1706,1,1508,1,3046,8,2121,3,1385,1,2378,8,2065,3,2953,2,1741,8,1340,1,2077,8,1624,5,3685,2,2972,3,1965,8,1701,1,1604,2,1495,3,1841,2,2376,1,1434,2,1699,1,1437,4,3703,3,1688,2,2096,8,1593,1,1506,8,2524,8,1553,5,2986,3,4772,8,2340,3,4763,3,1678,2,1274,3,1616,3,1354,7,4489,3,2103,1,1287,1,2440,2,1552,1,2135,2,2222,1,1563,8,2057,8,1600,4,3935,2,1264,2,1757,3,2785,8,1248,1,1952,8,1187,8,1306,8,3552,2,1906,2,1764,8,3437,3,1641,1,1559,3,1836,1,2286,1
11.07.2021,15:31,m,31-40,Android,mehrmals täglich,sehr sicher,0:04:13.498000,95,5,42,8,73,0:00:30.551000,1839,8,1439,5,3959,2,2530,1,3212,2,3106,8,1893,1,3893,3,2986,1,1743,1,4369,3,1903,2,2965,2,2657,3,1767,2,1772,3,2358,3,2691,2,1281,1,2603,2,3425,2,1831,3,1737,8,2223,2,2047,7,2418,2,5559,8,1512,2,1901,3,2939,8,1915,1,1433,3,3127,2,1940,3,2050,8,2303,8,2056,2,2338,2,3710,8,4382,8,1629,3,1455,2,3303,3,1139,7,1338,2,3792,3,2268,2,3008,1,3197,3,1240,1,2674,3,2933,1,3505,2,1817,8,1517,1,2687,8,3008,1,2713,1,1696,8,1355,1,1668,2,1981,1,2950,2,7779,8,4956,3,5265,1,3147,1,1798,3,2509,1,4206,2,1602,1,1968,8,3560,2,3586,2,2294,2,2029,5,4743,1,3305,3,1964,2,1600,1,2870,2,1506,8,2015,1,1645,8,3054,8,2571,3,1453,3,1973,1,2017,2,1965,8,3178,3,1690,2,2315,2,2029,8,1915,3,1309,3,1970,3,2766,2,1930,8,2047,3
11.07.2021,15:35,f,21-30,Android,täglich,sehr sicher,0:02:43.858000,89,11,42,3,keine,0:00:11.543000,1760,3,1355,2,1526,1,1524,8,1305,4,1793,8,1171,3,1450,1,1906,8,1321,8,1720,2,1354,1,2082,2,1690,8,1722,2,1569,8,1301,2,1520,1,1662,8,2323,3,2098,3,1217,3,1842,1,1361,2,1555,8,1444,1,1894,8,1998,1,1670,8,1367,3,1523,2,1508,3,1989,8,1262,1,1374,1,1279,8,1759,1,1355,2,2050,7,1563,3,2163,1,1205,8,2201,1,2279,3,3335,2,1812,8,1466,8,1585,1,1775,2,1409,8,1277,8,1735,2,1897,3,1403,2,1815,2,1700,8,1357,5,1991,7,1633,8,1488,8,1438,1,1312,1,1457,2,1966,8,1103,7,3173,3,2069,8,1264,1,1234,2,2204,2,1452,5,2082,2,1276,3,1770,3,1649,3,1843,2,1462,3,1457,3,1542,3,1397,3,1052,1,1136,5,1796,2,1643,8,1033,2,1916,3,1280,3,1446,2,1324,2,1503,1,1846,3,1263,4,1334,2,1906,1,2245,8,2011,3,1729,1,1495,8,1683,3,1264,3
11.07.2021,15:43,m,21-30,Android,mehrmals täglich,sicher,0:03:34.591000,96,4,42,3,keine,0:00:22.888000,3051,3,1928,2,4343,8,2774,8,1779,3,1980,3,3124,8,2079,1,1976,8,1809,1,2631,3,2420,2,1726,3,1768,1,1914,3,2659,8,4257,8,2184,2,1988,8,1700,2,1635,1,1590,2,2271,2,2127,3,2601,1,3930,2,1885,3,1808,4,3742,3,6966,3,3462,1,1986,3,1483,1,1728,8,1642,2,1498,1,1775,3,1681,1,1524,2,3699,1,1496,2,1522,2,2050,8,2207,1,1427,8,1743,3,2050,3,2565,1,2006,1,3984,3,2395,3,1841,3,2072,8,2475,3,1415,8,2155,3,1743,2,2008,1,1512,1,1495,8,2592,8,1871,2,1872,1,1615,1,1889,2,1734,8,1627,2,1675,1,2292,2,1371,1,1518,3,1684,1,5674,3,2761,8,3046,1,1746,8,2295,3,1534,3,1706,2,1480,8,2445,2,1453,1,1731,2,1438,1,1392,3,1892,8,2590,2,2057,8,1353,8,1759,3,1471,2,1540,2,1741,3,1821,2,1874,2,1821,3,1865,8,1543,2,1482,2,1832,2
11.07.2021,15:47,m,51-60,iOS,mehrmals täglich,sicher,0:03:59.220000,98,2,42,3,keine,0:00:46.476000,2693,3,2807,2,2179,1,2424,1,2233,8,1800,7,4469,3,2212,3,1883,1,4626,8,1861,8,2156,2,2485,8,1901,8,1477,1,3891,8,3067,8,1894,3,2725,8,1794,8,1683,3,2335,3,2167,2,2606,2,5485,3,1951,3,1900,8,1600,2,2567,2,1960,8,1974,1,1901,3,2018,3,1499,3,1966,1,2212,2,1989,3,1761,2,2367,1,4003,8,2173,2,2011,3,6542,2,2101,1,1726,1,2023,8,2101,8,2729,1,1617,3,1849,1,1742,1,2443,2,2474,8,1750,2,2050,1,3881,8,2200,8,1434,1,2332,3,2742,2,5135,8,1533,3,2278,1,1141,1,1382,1,1695,8,6501,8,2186,3,3091,1,1660,2,2053,1,3990,8,2669,8,2266,2,1634,3,2861,2,1471,1,2380,8,1973,1,1296,1,1606,5,2233,8,2260,3,4301,2,4225,8,2335,2,1801,8,1983,1,1885,8,2995,3,2184,2,1835,1,1764,3,3142,8,1601,1,1717,3,1984,2,2234,8,1599,1,1884,8
11.07.2021,15:53,m,21-30,Android,mehrmals täglich,sehr sicher,0:03:46.814000,96,4,42,3,keine,0:00:27.063000,2820,2,2116,1,1898,1,1825,1,2172,8,3094,8,2199,3,2759,8,3468,4,2585,1,2811,1,2379,3,2576,3,1827,8,2213,1,2059,2,2217,3,2246,8,2397,3,1572,1,2283,8,1273,1,1661,3,1264,3,2233,8,2447,2,1746,1,1589,1,1950,3,1568,2,1709,1,2273,2,1347,2,2852,8,2079,2,2072,1,5266,8,1525,3,1600,1,7387,3,2999,8,2848,8,2577,3,5873,1,6525,3,2516,3,2918,8,2141,1,5053,3,1455,1,1535,3,1457,2,2460,2,2150,2,2776,2,5252,8,1801,3,3110,8,1532,1,1769,8,1287,8,2429,3,1770,2,1733,2,1303,8,2100,8,1670,1,1253,1,2999,3,1898,2,1566,8,4892,3,1323,2,1453,1,1320,3,1361,1,1348,8,3584,2,1397,2,2794,8,1491,1,2989,3,1193,3,1640,3,1335,1,1581,3,1523,2,1509,8,1632,2,2098,2,1536,1,1487,2,1318,1,1423,8,1443,2,1942,2,3804,2,1657,2,1731,3,1554,2
11.07.2021,16:35,f,11-20,iOS,mehrmals täglich,sicher,0:03:01.452000,92,8,42,3,keine,0:00:40.064000,2027,4,3268,1,2126,3,1755,1,1849,8,1584,7,1684,8,2000,2,1867,2,1518,8,2567,1,3115,2,2160,1,1691,3,2483,3,2166,1,1199,1,1583,8,1532,1,1684,2,1698,8,1352,1,1348,3,1219,2,2434,2,1431,1,1200,7,2632,2,1335,8,1584,1,1584,1,1498,1,2161,3,1454,3,1617,1,1300,8,1534,8,1183,1,1950,8,4267,2,1983,3,1782,1,1390,8,1494,1,1185,8,1563,8,1933,4,99,5,3002,2,1265,8,2452,8,1883,2,1984,2,1423,2,1557,1,2650,8,2267,8,2470,7,1464,1,1567,3,2416,3,1400,1,1566,1,1451,8,1682,2,1834,3,2030,2,1451,3,1698,1,1435,8,1384,3,1722,3,2135,2,1958,1,4008,8,1319,7,1575,2,3151,1,1651,1,2286,2,1563,3,1233,1,2166,1,1200,2,1249,1,1868,2,1817,2,1665,8,1285,2,2217,8,2215,2,1335,2,1499,3,1301,2,1187,1,1796,2,1650,3,2566,2,1468,2,1934,3
11.07.2021,16:35,f,21-30,Android,mehrmals täglich,sehr sicher,0:03:44.570000,95,5,42,3,keine,0:00:24.848000,2318,2,2492,3,3512,8,2152,3,2048,4,3012,1,2295,2,2149,8,3175,8,1995,8,3900,2,2686,8,1945,3,2849,8,1418,3,3561,2,1559,3,3073,2,2613,3,1582,2,1795,3,1966,2,2224,1,1477,3,1694,2,2288,8,1824,3,4512,5,2180,1,1363,8,2003,2,1739,3,2062,1,1422,8,2377,1,2414,8,2707,3,1563,3,2181,3,1620,3,1857,8,2603,8,1710,3,1455,3,1830,1,6691,2,2067,1,1776,2,1770,8,1631,3,1833,1,1431,1,2279,1,2330,5,1969,3,5442,2,2013,8,1353,8,1833,3,1681,3,1509,7,1984,2,2204,2,2697,2,2187,3,1298,1,1736,8,1632,1,1905,1,2294,2,1906,3,1667,3,2569,3,2146,1,1659,8,2710,8,3170,2,1870,2,2084,8,1477,2,2272,8,1886,2,1664,8,1426,1,1339,3,1185,5,7539,2,2527,2,1869,3,2078,8,3997,2,2617,3,2716,8,1867,1,2399,3,1533,3,1420,1,2008,2,2649,8,1332,8
11.07.2021,16:37,m,41-50,Android,mehrmals die Woche,mittelmäßig,0:07:35.306000,99,1,42,3,keine,0:01:22.145000,6928,1,11514,2,13313,2,4667,1,13250,3,4392,1,10057,8,5803,3,12274,8,3872,3,3241,7,6444,3,2877,3,7620,8,5592,2,4453,2,3037,3,6649,2,5537,3,3471,1,3700,3,3094,1,3485,1,5700,8,9613,8,4556,1,2647,1,2798,8,5029,8,2507,3,3930,2,2713,2,4441,2,3260,2,6129,8,2629,2,4766,1,2421,2,2838,8,2481,1,2507,8,4317,3,4216,8,6664,1,2411,8,2406,1,2718,8,4897,2,5408,1,6313,1,2985,1,2578,1,2678,3,3358,8,3213,2,2317,1,4686,8,6950,3,5375,3,3234,1,3958,2,2129,1,2409,1,9346,8,2622,3,4051,8,3978,8,11367,1,3120,1,3239,3,3123,2,2702,3,7686,2,2501,8,2783,1,4907,8,5179,2,12010,1,2455,1,2860,8,4590,2,2992,3,2492,2,2965,3,3708,2,3214,3,7176,8,2402,8,3304,1,3433,2,3186,3,2837,3,3015,8,3373,2,3350,1,5584,2,3775,8,2409,2,3276,1,2024,8
11.07.2021,16:53,m,über 60,Android,mehrmals täglich,sehr sicher,0:05:18.269000,98,2,42,3,keine,0:00:23.179000,2752,2,2105,3,2760,3,1895,3,10167,8,2587,8,4842,2,3683,8,6136,2,4444,2,2405,8,3860,2,2879,1,2101,8,2412,1,1943,8,4411,1,5368,8,2636,2,5074,8,4265,2,3139,1,2559,1,4505,2,1736,1,2027,8,2464,2,2324,2,2393,1,2157,3,3195,3,2100,3,1903,8,2463,8,2458,8,2429,1,2190,1,2960,1,2074,3,5450,2,2685,1,2035,1,2092,8,2282,8,1939,1,2551,3,4201,8,4664,8,3967,8,2976,1,2357,3,1891,8,2041,1,6064,8,4717,8,4381,2,1938,2,3235,3,2322,1,4690,1,2156,3,2123,2,4527,3,2336,3,2617,1,1905,1,2276,1,2018,3,2682,4,10052,1,1905,1,1704,4,5553,3,2887,1,3205,8,4709,8,2726,3,4198,3,3139,2,1995,8,4412,8,6067,8,1805,3,2124,3,2268,8,2254,8,3056,8,2203,3,2204,1,3625,2,7583,2,3100,1,2408,1,1789,2,2646,3,2363,1,2182,3,2350,2,3686,2,2738,3
11.07.2021,17:05,m,51-60,Android,mehrmals täglich,sicher,0:03:44.007000,99,1,42,3,keine,0:00:30.480000,6567,2,3821,8,2483,1,6192,3,3061,8,1738,2,2618,3,4489,8,3050,1,1909,8,2844,3,1921,1,1791,8,1662,1,2032,2,3378,8,2413,2,1820,8,2056,3,2430,1,1621,3,1670,1,1936,3,1906,1,1960,8,1711,1,1965,1,1829,8,1854,3,1836,3,1596,8,1951,1,1559,5,3824,3,2621,8,1731,3,1851,1,1893,8,2005,2,2730,8,2005,1,1784,3,2017,1,2113,2,2193,3,1766,1,2262,1,2562,3,1721,1,1551,1,2638,2,3134,8,2029,3,2193,1,1465,2,1786,3,1386,8,1900,2,1597,2,1685,8,2204,8,1476,2,1561,3,1573,8,1399,2,1562,1,3182,8,1738,2,2198,1,1865,2,2350,8,1779,8,1964,3,1488,3,1311,2,3939,2,2972,8,3268,3,1825,3,1417,3,4513,8,2078,2,2605,1,3051,2,1487,3,1577,2,1618,8,1496,8,2065,2,1653,2,1702,1,1854,8,1643,1,2774,1,2896,2,2270,1,1955,3,1827,8,2922,8,2631,1
11.07.2021,17:25,m,21-30,Android,mehrmals täglich,sicher,0:04:20.585000,92,8,42,3,keine,0:00:19.568000,2309,8,1864,1,1393,1,1471,4,2878,8,4250,8,1773,3,4085,8,1139,1,1748,8,1943,8,1581,1,2036,2,4518,8,3019,3,1951,3,1698,1,1367,8,2026,2,2172,2,1679,1,2125,3,1644,8,3493,1,1201,1,2028,8,1251,8,1002,2,1396,8,3199,1,1851,3,1551,8,1640,8,1876,8,3896,3,1476,3,1528,3,1494,1,1393,1,1059,8,1532,8,1415,2,6809,8,1371,3,3501,8,1291,1,3453,3,1551,3,1446,3,1061,7,1111,8,1760,1,1414,8,2174,2,1573,2,1354,3,3750,3,1339,4,4655,8,1556,1,1013,2,1241,3,2269,2,4063,1,1194,1,3015,5,3039,4,1561,8,1476,2,2548,8,4529,8,1555,1,2735,2,2306,3,15950,1,1414,3,1217,1,3090,1,1388,1,5585,3,5286,2,1391,8,4823,2,1639,8,5922,2,1091,3,1444,5,1541,3,1699,3,3026,3,1404,2,1537,2,20814,3,1275,1,13416,8,1160,1,993,2,1393,2,1079,4,2068,1
11.07.2021,17:37,m,21-30,Android,täglich,sicher,0:04:42.230000,97,3,42,3,keine,0:00:44.752000,12884,2,5129,3,11933,2,2603,3,3935,2,2450,1,2445,8,2803,1,2675,8,3558,1,2722,8,1764,8,2330,2,7244,8,1566,2,1758,2,1194,8,2355,1,2672,2,1887,8,2436,8,1762,2,2470,3,2179,3,3499,8,1980,3,2163,8,1721,1,1923,1,1880,1,1586,1,1489,8,1558,3,5427,1,1260,1,3895,3,1588,3,3816,8,1869,3,6042,2,3524,8,1444,1,2645,8,3470,8,1692,3,1948,3,2283,1,1343,3,3099,3,1862,1,2885,2,1955,5,700,3,4903,3,1948,5,5822,8,2367,1,2158,3,2190,3,2153,8,2114,8,2132,2,3989,8,2414,8,1834,1,3519,3,5522,2,2648,8,1922,3,2028,8,1978,1,2594,8,2307,8,1917,3,1587,1,1571,8,1681,1,10180,2,1769,1,1418,8,2074,1,1403,2,3269,2,2846,2,2071,1,2102,3,1626,5,2344,2,3991,2,1872,2,2499,3,1672,2,5513,8,1773,1,5645,1,1550,2,2397,2,1620,1,1893,2,1526,3
11.07.2021,09:30,f,21-30,iOS,mehrmals täglich,sicher,0:05:19.947000,97,3,42,3,keine,0:00:22.092000,3266,8,2028,1,2173,1,1433,5,6031,3,3762,2,2519,3,2700,2,4200,1,2952,2,1914,1,5806,8,2748,1,2122,3,2518,3,3267,2,3249,3,3671,3,2353,2,5346,8,4667,2,9811,8,2030,3,7416,1,3886,2,2185,3,4630,2,3262,3,3089,8,5060,1,2187,1,1751,1,2184,8,3873,3,6029,2,4352,8,2018,1,3114,8,2667,2,3244,2,2501,1,3136,1,2760,8,2169,3,2284,4,6396,1,4892,2,4047,2,4474,1,2452,2,1778,3,5162,8,2744,2,1835,3,3101,8,2301,1,3323,1,538,8,2118,1,2378,3,1985,1,2444,8,2801,8,1398,8,2897,2,13497,8,1786,3,3126,3,2375,1,1985,1,2012,3,2641,3,2518,1,1762,3,2384,1,3343,2,5044,8,2243,1,2200,8,2177,8,3207,2,3011,2,1486,2,2590,8,2135,8,1726,1,3984,2,2505,3,4592,5,3968,1,2405,2,2882,1,2774,3,3212,8,2031,8,1517,1,3242,2,6083,2,1879,8,2180,2
11.07.2021,10:07,m,21-30,iOS,mehrmals täglich,sehr sicher,0:04:02.894000,96,4,42,3,keine,0:00:43.243000,2781,3,2581,8,1469,5,6198,2,1886,3,3105,1,3181,2,1503,2,1625,1,2063,3,3136,1,1652,8,2610,2,1985,8,2479,3,2018,3,2986,3,2677,2,2546,8,2053,8,3071,3,1835,2,7645,2,3405,8,1759,1,1545,3,1385,8,3360,2,2863,1,1458,3,1619,1,3397,3,2310,8,2352,3,1796,2,2036,1,2018,1,1936,3,2386,8,2125,1,1685,1,1802,3,1467,1,1863,8,2770,2,2526,8,1803,1,1727,3,2471,8,3479,4,5618,8,2325,3,2096,2,4723,8,1992,3,5729,2,2391,8,1625,2,1928,2,2286,2,2104,1,1591,8,1465,1,2272,2,2135,1,5885,8,1974,1,2336,8,2130,8,2009,1,1862,1,1757,2,5405,2,1823,8,1837,8,2609,3,1744,1,2034,8,1736,3,1483,2,2118,8,1828,3,2009,1,3254,2,1514,8,2388,7,484,7,5123,1,1780,2,2075,1,1518,1,2554,2,2347,2,1305,3,5117,8,1288,1,1299,3,1766,3,1852,3,1826,8
11.07.2021,19:32,f,21-30,iOS,mehrmals täglich,sehr sicher,0:03:17.659000,95,5,42,3,keine,0:00:33.081000,2456,2,2794,3,3042,2,2222,8,1499,3,1708,8,1576,1,1627,3,1784,8,2477,7,3625,1,2515,8,2820,1,2430,2,2230,2,1936,3,1544,3,2497,3,1853,8,2103,3,1504,3,2193,8,2551,3,2202,2,1775,1,2089,8,2154,2,3565,8,1613,2,1809,1,1392,1,2243,8,2727,3,1509,1,1374,1,1774,2,2820,1,2064,1,2139,1,1679,2,1588,1,1793,8,1641,8,1727,1,2517,8,1450,1,1351,8,2357,2,1503,8,2740,2,2104,3,2767,3,1382,1,1974,2,1630,2,2001,1,1301,8,1726,8,1350,1,2101,3,1942,2,2194,8,1525,3,1568,8,2150,2,1732,3,1703,5,2440,2,1826,1,1987,1,1987,2,2674,3,1343,1,1726,8,1330,8,1422,1,1666,8,1492,1,1898,3,1728,8,2184,3,1367,1,2127,8,1573,2,1508,5,5104,8,2372,2,1472,2,1688,3,1504,3,1750,2,1385,1,1593,3,2115,8,1419,8,2000,8,848,8,927,4,4275,3,1177,3
11.07.2021,20:09,f,11-20,Android,mehrmals täglich,mittelmäßig,0:03:45.859000,95,5,42,3,keine,0:00:37.828000,3894,8,1992,8,3210,3,1737,2,1547,7,3204,8,1446,8,1491,4,4317,1,2172,8,3176,8,1532,8,1924,1,2537,8,2188,8,1874,2,3267,7,4279,2,2485,8,3399,1,4824,3,2055,1,1626,3,2304,1,1673,2,2315,2,2165,3,4026,3,2419,8,2108,3,1559,8,1712,1,1950,1,2020,3,1760,8,2888,1,2053,8,2377,2,1906,3,1520,1,2128,8,2419,3,3017,2,1911,3,2957,1,2715,2,2216,2,1587,2,1820,8,2204,3,2966,3,2500,8,1583,8,1781,8,1659,3,2535,2,1875,1,1415,1,1675,2,1813,2,1703,8,1834,3,1864,8,1771,2,2550,1,3175,1,2374,8,2269,3,1865,3,2268,2,1850,1,1481,2,1916,1,1756,8,2206,8,2112,3,1649,2,1635,2,1643,1,2848,1,1918,1,2158,1,1671,3,1733,8,1721,3,1886,3,1640,2,1975,1,2294,2,2150,1,3931,2,1503,8,2022,1,1965,1,6545,8,1558,1,2401,3,2441,2,1563,1,1623,3
11.07.2021,20:20,f,51-60,Android,täglich,sicher,0:04:29.879000,99,1,42,3,keine,0:01:47.202000,3060,1,2406,2,2229,3,2378,8,2129,8,2343,8,3404,2,2538,2,2249,1,2428,3,1452,1,2545,8,2760,2,2204,8,1916,1,2569,8,1992,8,2439,8,1795,2,2639,2,2416,2,2270,1,3396,2,2228,1,2117,1,1682,3,2060,3,3037,8,2225,3,2316,8,2279,3,2555,1,1876,2,2317,3,2149,1,2140,8,2506,3,2837,8,2150,1,4617,8,1750,7,3762,2,3113,2,2301,2,2282,8,3431,8,3600,3,2084,1,1696,3,1463,3,3504,8,2120,3,2573,8,2306,3,2014,8,3800,2,2730,1,3370,2,2482,1,1945,2,2850,3,5414,1,2194,2,4994,3,1946,8,2538,3,2614,1,2479,1,2132,8,2114,8,4864,1,2085,3,4995,8,1963,3,6380,2,2128,3,2524,8,2332,2,2095,3,2006,2,2221,3,2105,1,2993,2,2178,2,3624,8,2143,2,1622,1,2801,2,1597,2,2693,1,2968,3,1828,1,1801,1,2493,2,2929,3,7914,3,1990,2,7025,1,2748,1,4232,3
11.07.2021,20:20,m,51-60,iOS,mehrmals täglich,mittelmäßig,0:05:53.155000,97,3,42,3,keine,0:00:45.757000,7166,8,3931,1,5534,8,9483,3,3701,1,2216,1,8917,2,3785,2,3100,8,4684,2,3018,1,2817,2,3266,1,2883,1,3516,3,3318,3,2600,2,3600,3,3321,3,5829,8,3468,2,4534,2,2849,1,2449,1,4285,2,2649,2,3283,2,2650,2,3383,8,2268,2,4415,8,2850,3,3836,8,2065,8,3683,5,3000,2,2650,2,5389,2,2430,7,3349,8,3452,1,2832,3,3233,2,3568,3,3237,3,4914,3,3618,1,2365,1,2437,8,2797,8,2368,3,3432,1,2383,8,1918,8,3899,1,2200,8,2906,2,2995,1,4985,1,4519,1,3381,8,3067,1,2167,1,3417,8,2920,1,3164,2,2367,8,2185,1,4384,2,3265,3,4474,8,2425,3,3118,1,3101,8,5500,3,6300,3,2734,2,3117,2,3767,2,3934,2,3849,5,5567,3,3667,1,3069,2,3415,1,3350,1,4018,2,4887,1,2630,1,3052,1,2983,2,4316,2,3001,3,2632,1,2551,2,2650,2,2567,2,2132,3,4167,8,3618,1
11.07.2021,21:23,m,21-30,Android,mehrmals täglich,sicher,0:04:30.665000,100,0,42,3,keine,0:00:34.726000,1779,3,3781,2,3966,2,4807,2,2212,3,1857,3,2960,8,3495,3,4097,3,3429,8,2815,2,2034,3,2044,3,1991,2,2501,8,2600,3,3059,8,5133,2,2216,3,2530,8,2148,2,2959,1,1885,3,2717,3,3901,2,1935,3,3540,8,5002,2,2073,3,1741,2,1486,3,2977,2,1666,3,3934,8,2090,3,2312,8,1940,3,2850,1,3382,1,3026,3,2748,2,2295,2,1511,2,5087,8,2206,8,4369,1,1910,3,2274,1,2132,2,2645,8,3619,3,5488,3,1735,3,2326,1,1973,2,2652,8,2567,1,2108,3,2401,8,4560,2,3619,3,1932,3,1703,1,4559,3,2299,1,1850,1,2294,8,2868,8,2597,8,1322,1,1925,2,1637,2,2587,8,4424,3,1510,1,1853,8,2121,8,2678,3,3607,3,2370,8,1545,1,2044,3,1780,1,2816,1,2560,2,1782,3,1820,8,2449,3,1788,3,1702,8,5217,2,6650,2,4051,2,4483,2,1417,1,1646,1,2133,8,1683,2,1496,2,1407,8
12.07.2021,00:58,m,21-30,iOS,mehrmals täglich,sehr sicher,0:03:09.422000,99,1,4,keine,23,0:00:28.271000,2295,8,2267,2,2816,3,2224,8,2911,8,1733,8,1684,2,1733,3,2117,8,1616,1,2000,2,2701,2,2217,3,3432,2,2001,2,1549,3,1717,8,1499,1,2134,8,2501,2,1216,8,2016,1,1634,2,1633,3,1319,2,1548,3,1668,3,1466,3,1483,2,1385,1,1282,8,2600,2,2017,2,1401,1,1333,1,1800,1,1533,1,1100,3,1683,3,1284,8,1349,1,2267,8,1949,2,2418,2,1450,1,1236,1,1113,2,4317,3,2985,2,1583,3,3184,8,1197,1,2152,3,2350,8,2951,8,1683,2,1833,8,1617,3,2201,2,1315,3,1450,3,1384,3,1817,8,1716,8,2501,3,1417,1,1416,1,1532,2,2216,8,1449,3,1817,2,1533,1,1385,1,1399,8,1467,3,1850,8,3482,3,1218,3,1183,1,1967,2,1539,3,1426,3,1502,3,1416,1,2767,1,2851,2,1466,8,1117,8,2033,8,3584,2,1599,1,4683,1,1451,2,1633,2,1366,2,1334,1,2550,3,2350,3,1383,2,1466,1
12.07.2021,07:09,f,11-20,Android,mehrmals täglich,sicher,0:03:04.683000,93,7,42,3,29,0:00:33.030000,1928,2,1217,5,2118,3,2244,3,2663,8,2509,3,1699,2,2747,2,1626,2,1767,3,1817,2,1440,1,1294,8,1695,8,1764,1,1369,8,1613,2,2120,3,2218,8,1863,1,1287,8,1608,2,1776,3,1265,1,1704,1,1476,8,1647,8,1397,1,1552,3,2208,2,2061,2,1403,8,1249,1,1869,8,2257,3,1955,8,1157,1,1742,3,1700,1,1451,2,1501,3,4764,3,2034,8,1055,1,1382,3,1445,8,1040,1,1096,2,2256,4,2483,2,1518,8,2056,1,1099,8,3957,2,1013,7,2722,1,1410,3,1429,8,1167,5,1037,4,2526,1,1568,8,1425,3,1643,8,1174,1,2956,3,1529,3,2470,8,1707,3,2874,2,2225,1,1344,5,1753,8,2672,8,1415,3,1341,3,1631,3,2076,2,1547,8,1402,1,2477,3,2667,8,1650,3,1792,1,1699,1,3157,3,2795,2,2602,8,2298,8,1567,8,2256,3,1478,2,1713,3,1677,1,1413,8,3110,2,1161,3,1267,2,1407,2,2110,2
12.07.2021,07:25,m,21-30,Android,mehrmals täglich,sehr sicher,0:04:37.592000,95,5,42,keine,keine,0:00:23.763000,2875,1,1584,5,4802,8,1878,1,4795,3,2668,8,2749,3,3981,2,3549,8,1813,3,3177,8,2142,3,2138,2,1813,3,2548,2,2265,2,3749,8,2641,3,1692,5,2951,1,2955,3,2047,1,1152,1,2270,5,4016,3,1468,1,2060,3,1884,2,1827,3,1628,8,4850,8,2437,8,2029,3,2150,1,1229,3,7741,2,2590,8,1543,2,2302,1,8055,2,2248,8,1106,1,2517,3,8860,2,1800,8,1803,2,1968,2,2535,2,6806,2,1683,1,1746,8,1301,1,1348,8,1890,3,1658,2,5543,1,1976,3,1621,3,1862,1,1831,2,1876,3,1648,1,1975,1,8683,1,6608,3,2935,8,4848,1,5296,2,2091,3,3842,2,1489,1,1548,3,2376,8,1280,2,1996,2,1545,3,1707,8,3884,8,1454,2,2867,8,2562,2,1963,8,1967,8,1630,3,1317,3,1197,8,1890,2,4473,3,9267,8,2420,2,1657,3,1361,4,2614,2,5336,1,1410,5,1750,3,3026,1,2219,8,3123,2,1893,2
12.07.2021,10:05,m,51-60,Android,mehrmals täglich,sicher,0:04:25.539000,98,2,42,3,keine,0:00:34.456000,2208,3,2024,2,2948,1,1418,2,2378,1,1992,8,4903,3,4470,8,2481,2,1622,2,2981,2,3771,8,3369,2,1687,1,1572,1,3038,2,2170,5,3036,8,2291,2,3144,2,2300,7,3355,1,3816,2,2434,3,2142,2,3315,8,2183,8,2076,1,2630,8,2113,3,4731,1,1812,3,2966,1,2372,8,1604,2,5529,3,1965,3,3562,2,2296,1,4275,1,3726,2,1613,2,2600,8,2893,2,1648,3,2077,2,2501,3,2247,2,1573,1,4947,3,1635,3,3165,8,1769,8,2996,1,3426,8,1648,3,2343,2,5392,8,1748,3,1679,8,5862,2,2492,1,2312,1,1710,2,1793,1,3270,1,2937,8,2627,1,1754,3,4456,8,3612,8,1394,1,2946,3,1762,3,3000,1,2765,8,2276,2,1437,1,1610,3,2932,8,1435,8,1380,1,1342,3,6654,2,2001,1,2045,3,2884,8,3647,2,3582,8,2727,8,1532,1,1708,1,2861,8,2672,3,1950,1,1706,3,3084,1,2767,2,1344,1,2398,2
12.07.2021,10:15,m,41-50,Android,mehrmals täglich,sehr sicher,0:03:36.508000,95,5,42,3,keine,0:00:35.113000,3967,2,2896,3,3321,2,2365,8,1657,8,1460,1,1970,1,2199,3,1905,1,2266,2,3851,8,2152,1,2264,3,2094,2,2009,1,1954,2,2975,8,1459,1,1878,3,1813,1,1887,2,1696,2,5195,1,1856,3,2277,8,2611,2,1548,2,1310,2,1767,1,3432,3,1346,2,1997,2,1749,1,3009,8,3047,7,1886,2,1917,3,1600,1,1695,5,1595,1,2336,1,1831,3,1744,2,1665,3,2167,2,1711,3,1421,2,1996,1,1797,1,2226,2,2128,2,1632,1,2995,8,1789,1,1642,1,1994,2,1321,1,2092,8,1451,1,1912,3,2336,7,1573,3,3686,8,1503,1,1582,8,2895,2,1790,3,2601,1,1382,8,3210,8,2424,8,2628,8,2027,8,1571,8,1610,1,3333,2,2327,8,1826,1,3098,8,2910,2,1360,3,2496,8,3782,8,1524,1,1671,3,2322,3,1851,1,2417,1,1556,2,1484,2,1546,2,2022,3,1728,1,1979,2,2214,2,1815,1,2751,2,1882,2,1818,1,4082,2
12.07.2021,10:38,f,21-30,Android,mehrmals täglich,sehr sicher,0:04:10.506000,95,5,42,3,keine,0:00:32.752000,2800,2,1779,3,1945,1,4214,1,2903,2,3001,1,3624,8,2340,3,2238,3,2296,1,1832,2,1908,3,2266,8,2203,2,2304,4,1490,3,2650,3,2696,8,2449,1,2141,2,2305,8,1848,1,26226,8,1638,3,1643,2,3118,2,2487,3,2340,2,2663,2,2192,2,2398,3,2553,8,1945,3,2462,3,2272,1,3313,3,2782,8,2213,3,1994,1,2587,3,1874,2,2369,2,2664,1,2251,2,2668,8,1628,1,2930,1,2165,2,1965,8,1793,8,1612,3,3794,8,1572,3,1797,3,1686,1,1891,4,1768,8,4047,8,1799,2,1382,2,2063,2,1466,3,2666,1,1679,1,1917,3,2506,1,1706,2,1762,2,2534,1,1590,3,2440,2,1599,1,2251,1,2454,8,2150,1,2045,8,1842,3,2731,1,1831,2,1797,3,1987,3,2942,2,1587,1,2086,2,2437,2,2359,2,2670,1,2698,1,2032,1,2103,8,3824,8,1834,8,2268,3,2045,8,2290,1,1832,8,2175,8,2391,2,1796,1,2062,8
12.07.2021,11:02,m,31-40,iOS,mehrmals täglich,sehr sicher,0:03:18.570000,99,1,42,3,keine,0:00:20.868000,3178,2,2568,2,2032,2,4550,8,1799,3,2299,1,2084,8,1750,3,2750,8,2050,3,1734,8,2316,1,2934,8,3383,1,1867,2,1899,3,1917,3,1515,3,1668,3,2315,1,2284,3,1816,3,1734,3,1783,1,1835,3,2232,3,2284,2,2800,8,2249,3,1567,8,1568,1,3499,2,1735,2,1866,3,3000,8,1766,8,2549,2,1534,8,2116,2,1649,3,2118,8,1749,8,1699,1,1750,1,1784,1,1450,1,2368,8,1449,8,2317,3,2132,1,2250,3,1834,8,1850,1,1716,3,1932,8,1400,8,1968,8,1482,3,2215,8,1752,2,2366,2,1683,3,2650,1,1417,8,1900,2,1515,8,1919,3,1833,3,2117,8,1617,2,1500,8,1799,3,2034,2,1717,3,1484,3,1366,8,2099,2,2250,3,1467,2,1550,3,1949,3,1568,3,2365,2,1983,3,1367,1,1366,2,1702,2,2366,2,1699,3,1666,2,1732,3,1618,1,1416,2,2532,3,1550,2,1499,1,1717,3,1618,2,2949,2,1917,8
12.07.2021,11:03,f,21-30,Android,mehrmals täglich,sicher,0:02:58.806000,92,8,42,3,keine,0:00:15.806000,1450,1,2065,2,4358,2,2535,8,1593,8,2919,2,2602,4,3177,8,2015,1,1953,8,3104,3,1819,3,1985,3,2003,1,1719,8,1981,1,1343,1,2052,2,1766,8,1580,3,1861,2,1506,1,1967,3,2359,3,1998,2,1408,8,1533,1,1381,1,1513,2,1424,1,1620,3,1496,8,1473,1,1752,8,1523,2,1688,3,2615,3,1540,8,2002,2,1484,1,1619,8,1504,1,2162,2,1319,3,1283,8,1491,3,1379,1,1156,1,1410,8,965,8,1339,2,3175,3,2018,8,1811,1,1709,2,1704,1,2415,1,1168,3,1133,2,2661,2,1604,8,1629,1,1991,3,1399,8,1717,8,1357,8,1512,2,1205,5,2303,8,1374,3,1397,2,2006,2,1568,2,1494,3,1447,2,1965,2,1482,3,1464,3,2618,8,1355,8,1315,3,2746,8,2064,2,1729,1,1144,1,1575,8,1539,1,1531,3,2432,3,1551,1,1474,3,1253,3,1733,3,1416,1,1061,5,2205,1,2030,8,1489,8,1736,2,2032,8
12.07.2021,11:04,m,21-30,iOS,täglich,sehr sicher,0:03:44.438000,91,9,42,3,keine,0:00:15.225000,5600,1,1299,1,1619,8,1120,1,1226,1,1756,2,2108,3,1970,3,1877,5,1421,2,4319,2,2338,8,3012,2,1580,4,4235,3,2128,8,1685,1,3081,4,6244,8,2195,2,1733,8,2156,3,4424,1,2291,8,1521,1,2960,8,1965,8,1829,1,2083,1,2416,2,1999,1,1583,3,1559,3,1479,1,2661,1,1606,1,3247,2,2003,2,1868,2,1710,2,2339,2,1649,2,2501,8,1248,1,1317,8,1427,8,1620,1,2029,2,1918,2,1515,8,1097,7,2653,8,1103,5,3898,8,2913,8,1034,8,1463,3,1432,1,1847,3,1395,2,1392,3,1626,5,2815,3,1496,8,2150,8,5229,8,1655,3,1654,1,2861,8,2569,2,1778,8,1841,2,1614,3,1828,3,2157,8,1810,2,1588,1,2784,1,3139,8,1602,1,3303,3,5155,3,2326,2,1552,5,3704,8,1544,1,2485,2,1212,1,1634,1,2508,2,1773,1,1441,1,4304,1,3512,2,1490,4,2491,3,2237,3,2374,2,3560,3,1905,3
12.07.2021,12:03,m,21-30,Android,mehrmals täglich,sehr sicher,0:02:53.468000,92,8,42,3,keine,0:00:31.089000,2122,1,1256,2,3683,1,2375,4,1198,5,2841,1,1760,8,1518,8,2022,3,1170,1,1660,8,1454,8,1279,1,1325,3,2743,4,2024,2,2229,8,1348,1,1234,8,1657,2,1907,1,1789,2,1861,3,3079,2,1845,2,1374,3,1443,1,1393,2,1680,3,1403,1,1883,8,1416,1,1568,3,1295,3,1133,3,1119,4,2124,8,1454,1,1355,2,1326,1,1226,1,1130,8,2249,2,1337,3,1889,3,1423,2,1499,1,2033,2,1919,1,1195,1,1490,3,1382,8,1675,1,3091,1,1202,5,2285,1,1288,3,3793,3,1311,1,1972,2,3013,8,1789,2,3347,2,1480,8,1805,1,1063,2,1387,4,1862,1,3153,8,2334,2,1747,8,1272,3,1835,2,1584,1,1780,3,1362,8,1337,2,1750,1,1189,1,1502,2,1268,2,1509,3,1629,3,2465,8,1393,2,1589,2,1173,8,1274,3,1242,8,2267,3,1282,8,2001,2,1418,3,1215,4,1966,3,1693,8,1639,8,1488,3,1218,2,2321,3
12.07.2021,12:44,f,11-20,iOS,täglich,sicher,0:03:39.415000,98,2,42,3,21,0:00:28.210000,1710,1,2057,1,3095,3,2844,3,2050,1,1733,1,1826,3,2093,2,4809,8,2785,8,1736,8,2368,8,1438,1,1678,8,1834,8,1239,1,1959,3,1460,2,2413,1,2735,3,1723,8,1578,1,1890,1,1291,8,3899,2,2178,2,1675,8,1410,4,3833,8,2728,1,1744,4,151,2,2736,2,3639,3,1416,3,1259,3,1817,2,1793,8,1658,3,4376,1,2809,1,1780,3,3422,1,2333,8,2534,1,1612,2,1720,8,1516,3,1690,2,1797,2,1440,1,1411,8,1764,3,1592,1,2686,3,1368,1,2246,2,1713,3,1735,2,1844,8,2836,3,2325,8,1526,1,2059,8,2875,2,1859,2,1335,3,4132,1,1737,1,1568,2,5873,3,2217,2,1783,2,1444,8,1343,1,1479,3,1497,3,1450,8,1850,1,1967,3,1590,1,3372,2,2033,3,6402,2,1486,8,2180,2,1863,8,1957,3,1618,3,1765,3,1335,3,2244,2,5670,3,5871,8,1934,8,2314,8,1346,8,1381,2,1754,3,2463,8
12.07.2021,14:03,m,unter 11,Android,mehrmals die Woche,unsicher,0:00:38.297000,50,50,42,3,845,0:00:42.647000,2739,8,2214,2,4759,1,1989,8,7034,3,1767,1,1604,2,2994,3,954,2,1482,4,876,1,91,1,139,2,90,4,106,3,78,3,111,5,102,2,93,4,86,2,89,1,91,3,89,7,81,5,93,7,92,5,92,5,67,5,126,2,70,4,98,7,64,4,109,3,90,8,88,4,89,5,86,3,100,2,69,8,109,4,85,2,89,5,90,7,115,1,88,1,102,8,96,8,101,7,87,2,82,2,127,7,100,4,54,2,121,2,84,7,107,2,94,2,87,1,112,5,79,5,120,7,57,3,105,7,100,7,87,4,104,8,86,2,70,7,122,2,89,3,104,2,79,4,107,8,64,3,96,1,100,4,105,3,81,2,115,7,62,8,87,5,90,4,109,8,83,3,111,5,84,5,83,2,99,2,106,7,85,3,67,7,114,3,85,8,583,5,85,8,522,8,151,2,160,2,461,2,162,2
12.07.2021,15:00,f,21-30,iOS,mehrmals täglich,sehr sicher,0:02:50.873000,95,5,42,3,keine,0:00:22.737000,1977,2,2785,3,2349,3,2616,1,1616,8,2284,8,1882,8,1250,8,1117,2,2616,3,2116,3,3269,8,1499,1,1198,1,1283,8,4533,2,2066,2,1619,2,1716,3,1399,3,1835,1,1599,2,3185,2,1515,3,2449,2,1950,8,1666,2,1766,2,1534,8,1751,8,1549,8,1300,1,2584,8,1183,1,1665,1,1133,5,2151,3,1332,1,1134,1,2250,2,2032,8,2050,2,1151,3,1567,3,2116,3,2351,4,1715,2,1785,2,1083,8,2000,8,1399,1,1251,3,1266,8,1167,2,1935,3,1249,3,1567,2,1899,2,1268,8,1282,3,1316,8,1754,8,1430,8,1899,3,1418,3,1482,3,1717,3,1535,2,1215,3,1316,8,2400,8,1183,8,1118,1,1167,5,1350,1,1450,1,2215,3,1299,2,1902,1,3050,8,1183,1,1367,3,1633,3,1901,1,1682,3,1917,3,1267,3,1201,1,1317,2,1333,2,1350,3,1201,1,1382,8,1781,8,1033,1,1402,8,2865,2,1317,2,1319,1,1332,1
12.07.2021,17:46,m,51-60,Android,mehrmals täglich,sicher,0:04:16.032000,99,1,42,3,keine,0:00:22.472000,1981,3,1881,1,2344,4,2023,1,1801,8,1537,1,2099,2,2457,1,1788,8,1774,3,2244,8,1368,1,1391,1,1433,1,1771,2,1919,8,1763,2,2080,8,1951,8,1646,1,1539,8,2230,8,2041,8,1647,1,1745,8,1982,3,2248,2,2311,3,1788,2,2258,3,1641,3,1453,1,1641,1,1735,1,2117,2,1860,3,1573,2,1570,1,2514,3,1913,1,1803,2,1905,8,2044,3,1857,3,2619,8,1615,3,1610,2,1829,3,2644,8,2208,8,1727,8,1757,3,1561,8,1513,1,1685,1,1828,8,1565,8,1509,3,1574,2,1571,1,1706,2,2142,2,1634,1,1613,1,1518,3,1726,2,1753,8,1607,1,1828,3,1819,2,2517,8,1590,8,1542,2,1674,2,1519,8,1522,3,1777,3,1466,1,1341,8,1493,3,1953,2,2709,8,1712,3,1760,1,2225,1,10283,8,10343,8,1788,1,2452,2,56860,2,1962,8,1266,8,1898,8,1350,1,4594,1,1568,2,1417,3,1433,3,1528,1,1555,3
12.07.2021,19:39,f,21-30,iOS,mehrmals täglich,sehr sicher,0:03:45.784000,98,2,42,3,keine,0:00:21.029000,2322,2,3444,8,2150,3,3101,3,3018,1,3903,8,2309,3,1518,1,3009,8,2702,2,2425,1,2576,1,3469,1,1697,3,4148,1,1300,1,1792,1,2294,3,1959,2,2767,1,4985,3,2709,8,3320,2,2791,1,1467,1,2163,1,1406,3,3519,2,3284,2,2794,1,1731,2,4438,2,2701,2,1584,8,1683,2,1444,3,1240,3,1482,3,1574,3,1429,8,1450,1,2076,8,1684,1,2344,3,1876,8,1434,3,1952,3,7226,8,2144,8,1933,1,2250,8,1816,3,1455,8,1165,2,2303,2,1842,8,1571,8,1696,1,1451,8,1565,1,3295,2,3151,8,1466,1,1999,4,5602,8,2946,1,4712,2,1357,8,1477,8,3224,8,1394,1,1183,8,1511,3,1450,8,1282,3,1426,1,1756,1,1653,1,1283,3,2236,8,1866,8,1210,5,1560,1,1899,3,3403,3,1791,2,1892,8,1351,1,1533,1,5855,1,1481,8,1985,2,2102,8,1383,2,1968,8,1409,8,1993,2,1685,8,1933,1,2185,2
12.07.2021,20:12,m,51-60,Android,mehrmals täglich,sehr sicher,0:04:32.749000,88,12,42,3,keine,0:00:26.199000,6093,8,3034,8,2671,2,2313,3,2687,7,2419,3,2661,1,1897,2,4086,8,2930,2,2269,1,3034,7,3813,1,7086,2,2714,1,2040,3,3689,2,2330,8,2224,3,2141,3,2390,1,1970,3,2079,3,1776,8,1882,2,1965,3,3965,7,3074,2,2331,7,1996,3,2391,3,2084,3,2179,8,5613,2,2096,8,1963,8,2973,8,2040,1,2307,1,2368,8,2392,1,2117,4,2004,2,2108,3,3102,8,1955,2,2446,1,2094,2,2532,2,1872,8,2284,3,2079,3,1824,2,2115,2,2533,3,1733,8,3110,8,4672,2,1695,8,1787,3,1817,8,2098,1,1950,1,2070,1,2275,1,1996,2,6481,5,2676,8,1610,2,5608,3,2570,1,1792,2,8848,3,2215,2,2780,1,2342,3,2240,3,1873,2,8008,2,1800,8,2448,8,2328,1,2584,1,3804,3,2251,1,2747,3,1994,1,2077,3,3284,3,2623,2,2347,8,2892,2,4261,2,3161,5,2401,4,2434,8,2115,3,1861,2,1786,2,2017,8
12.07.2021,23:35,f,11-20,iOS,mehrmals täglich,sicher,0:03:12.238000,99,1,42,3,keine,0:01:18.128000,1682,8,2834,1,2595,3,2517,8,2037,3,2250,1,1983,3,1711,3,1304,3,1683,1,1928,3,1834,8,2466,2,3165,1,1739,3,1695,3,1637,2,3744,3,1473,1,1182,8,1466,2,2629,8,7238,2,1727,8,2597,8,2091,3,2549,2,1317,3,1965,1,1301,8,2233,1,1494,8,1616,3,1785,2,1571,1,1883,3,1545,2,1772,8,2161,2,1354,1,2084,2,2349,1,1884,3,1793,8,1890,2,1798,8,1785,8,1392,1,1972,8,1866,2,1411,2,1949,3,1798,3,1355,8,1615,8,1613,8,1603,8,1543,8,1418,1,2205,3,1717,3,1393,3,2053,1,2051,2,1934,1,1583,1,2649,8,1827,8,1750,5,1438,1,1911,2,1722,3,1933,3,1484,8,1377,3,2288,8,2061,8,1951,1,2322,8,1676,3,1685,3,2382,1,1632,2,1339,3,1661,3,1468,3,1399,8,1538,8,1585,3,1709,2,2006,8,3166,8,1659,3,1774,2,2110,8,1618,8,1421,8,1334,1,2176,3,2355,8
13.07.2021,09:52,m,51-60,Android,mehrmals die Woche,sicher,0:04:47.145000,100,0,4,keine,keine,0:01:25.610000,8458,2,3626,8,6377,3,3067,1,3185,1,2545,1,11201,3,5504,3,3027,2,2933,2,2536,2,3426,8,2990,1,2819,1,2695,1,2246,8,2326,2,2517,1,2376,3,2490,1,2095,1,2331,3,2066,8,3173,2,1934,2,4132,1,3762,3,3681,3,2235,2,2406,3,2513,2,4666,8,1997,2,2759,2,3539,1,2570,1,2289,8,1831,1,2818,8,1897,8,2069,2,2204,3,3500,1,2369,8,2065,3,2447,8,2105,8,2643,3,2277,2,2181,3,2466,2,2398,2,2019,2,2216,2,2243,8,2550,1,3476,8,2257,2,2611,8,2447,2,3028,3,3767,3,3091,1,2373,8,2498,1,1879,2,2091,1,3706,2,1887,2,3676,1,2642,8,2342,1,2359,1,2754,1,2029,2,2674,3,2353,2,2310,1,3443,1,1782,2,2627,1,3146,3,3635,1,2057,2,4292,1,2304,2,2239,8,2039,3,3273,1,3691,2,3384,3,2018,1,2230,2,2271,3,4142,3,1952,8,2021,1,1963,2,2300,2,1876,8
13.07.2021,12:12,f,21-30,Android,mehrmals täglich,sehr sicher,0:04:39.635000,93,7,42,3,21,0:01:13.166000,2400,5,4171,4,2034,3,3460,1,1838,1,2303,2,4541,2,2618,1,2271,8,3297,1,1686,1,2132,3,1581,5,4145,8,2263,1,3499,8,4906,2,1921,8,2236,1,2716,2,2267,1,4198,3,3182,1,1821,1,2019,3,2248,1,2848,8,2812,2,2434,4,4097,1,4357,2,4962,1,1790,8,2209,2,4006,3,1998,1,3896,8,3075,1,5365,8,2477,3,2731,8,2688,8,2097,2,1698,8,2693,3,5827,3,1763,2,4722,8,4103,3,2077,3,1626,3,3693,8,2498,2,1604,8,3270,1,1984,8,2045,3,3600,2,3691,8,2492,1,2256,8,3366,3,3542,3,2674,8,1507,1,2702,2,2934,8,2217,2,2251,1,1505,1,1911,3,3525,3,2313,8,2612,8,2350,3,5170,8,1516,8,2371,1,1795,2,1913,3,3704,3,3827,1,2362,8,3586,1,2453,3,5457,8,1317,2,2054,1,2972,2,2932,2,2328,2,2011,2,1799,2,2009,2,2015,8,2473,8,2655,3,2323,1,1793,3,3266,3
13.07.2021,19:13,f,21-30,iOS,mehrmals täglich,sicher,0:04:37.825000,97,3,42,3,keine,0:00:58.839000,4717,8,5015,3,4531,3,4364,3,3439,3,3880,8,2908,2,2715,5,4481,1,3712,8,3722,3,2398,3,2901,2,2732,2,2557,2,2279,8,1667,1,1965,2,2765,2,3839,8,1879,2,2691,8,1781,2,2666,1,2233,1,2774,2,2524,3,3132,1,5267,2,3319,1,1621,8,3077,1,2876,3,3517,2,3219,2,2949,1,5109,8,2893,2,2314,2,2116,3,2324,3,2146,1,3035,8,2057,2,2691,2,2230,1,2936,3,4079,8,1928,1,2576,3,2852,3,1738,8,3361,3,2631,1,2016,8,2798,3,1999,3,2823,2,1813,1,2225,2,2181,8,4798,3,3043,3,2690,8,2314,3,2072,8,2350,8,4582,2,2195,3,1967,2,3995,8,2039,1,2398,8,2138,3,1905,3,1514,1,2597,5,3996,3,3459,3,1548,8,2457,2,2892,2,2112,1,2349,3,2274,2,2308,1,2147,2,1948,1,1779,8,3109,8,1771,3,2157,3,2148,1,2682,3,2574,2,3721,2,1672,3,3828,2,2992,8,2231,8
13.07.2021,19:21,m,31-40,Android,mehrmals täglich,sehr sicher,0:04:12.978000,97,3,42,3,keine,0:00:21.150000,4358,2,2356,1,3470,2,2563,3,3272,8,2742,2,2474,8,1930,1,3470,2,3008,2,1858,2,2588,1,2101,3,3119,1,1513,1,2511,3,2502,1,1965,2,3076,1,2034,2,3288,8,2360,8,3928,8,4125,2,2240,3,1904,3,3813,3,2009,8,1768,3,2645,3,2334,8,1824,2,1787,2,1724,7,2112,2,1542,1,2661,1,2425,2,2851,1,2084,2,2967,1,2166,1,2470,3,2105,3,4181,1,2684,1,1996,3,3351,2,4696,1,1720,3,3405,8,1901,2,2758,8,2506,8,2875,8,1661,8,1582,1,3441,8,2693,8,2501,1,3063,8,1808,3,2785,8,2185,1,1780,8,2040,8,2079,2,2259,3,3141,2,2502,8,2892,3,2375,8,2691,3,2604,8,1998,1,1688,3,1854,3,1857,1,1976,8,1891,3,4269,3,3880,2,1737,8,1870,8,2109,3,3907,2,1620,3,1999,2,1850,8,1504,2,2368,7,3536,8,1879,4,4353,1,3166,2,1507,1,2603,1,2457,1,1801,1,2789,3
13.07.2021,22:39,f,21-30,Android,mehrmals täglich,sehr sicher,0:04:39.315000,98,2,42,3,keine,0:00:42.796000,5395,2,4703,8,1703,1,3054,3,2836,2,3707,2,12355,8,1835,8,3808,3,2213,3,4316,2,2990,3,2624,2,1916,1,2107,8,2815,3,2945,2,2282,1,1892,2,2995,1,2479,1,1998,1,2614,8,3277,2,1794,1,4290,3,1762,1,4932,1,2488,3,1791,1,4925,1,2634,3,2709,2,1584,8,2422,5,4820,2,3245,8,1863,8,2059,8,1646,3,2035,3,2494,1,4056,2,2109,2,1912,3,2593,8,2118,3,1446,1,1708,8,2406,2,2815,8,2805,1,2557,1,1459,3,1698,1,4047,3,1740,8,1822,1,2191,4,3357,1,10674,2,3165,1,2555,2,1456,1,3208,1,4466,8,3394,1,2246,8,2035,2,2660,8,5343,2,1640,8,1540,1,2675,8,1899,8,1697,1,1986,2,1932,1,1771,3,2822,8,6423,8,2208,2,3356,2,1732,1,2351,3,1898,3,2054,8,2475,3,3833,1,2074,2,2322,3,1871,8,2044,8,2727,2,1624,3,2356,2,1812,8,1553,3,1735,8,2183,1
14.07.2021,07:30,f,21-30,Android,mehrmals täglich,sehr sicher,0:02:42.947000,85,15,42,3,keine,0:00:20.502000,1635,7,2614,2,1229,1,2024,2,1706,3,1670,8,2165,2,1759,2,1898,8,1764,1,2692,3,1343,4,1819,8,1797,2,1782,3,3692,8,1023,4,1158,4,804,2,931,5,1073,2,1036,4,838,8,1173,4,910,2,1125,2,1005,5,5667,8,1047,3,1251,3,922,8,1048,1,1458,1,2572,3,1162,1,2182,8,1249,3,1186,1,1512,2,1019,7,2514,3,1239,2,1908,1,1651,8,1058,5,4553,2,1874,8,1975,2,1120,1,1218,8,1703,8,1021,3,1586,1,1741,3,1200,3,1147,2,1463,3,1386,3,1166,1,1309,3,1707,2,1050,3,1928,2,1302,3,1288,8,1568,1,2511,3,2323,3,933,8,1656,2,1011,3,1937,2,996,2,3751,3,1641,3,1183,1,911,8,1183,8,1292,8,1169,8,1402,5,2242,1,2339,3,1182,2,1470,1,1174,1,2106,1,2078,8,1821,2,1603,1,2340,2,1695,3,869,7,1434,8,2055,8,1035,8,1859,1,1589,8,1920,3,1486,3